id,season,city,date,team1,team2,toss_winner,toss_decision,result,dl_applied,winner,win_by_runs,win_by_wickets,player_of_match,venue,umpire1,umpire2,umpire3,batting_first_team,chasing_team,batting_first_won,chasing_won,toss_winner_won
1,2017,Hyderabad,2017-05-04,Sunrisers Hyderabad,Royal Challengers Bangalore,Royal Challengers Bangalore,field,normal,0,Sunrisers Hyderabad,35,0,Yuvraj Singh,"Rajiv Gandhi International Stadium, Uppal",AY Dandekar,NJ Llong,,Royal Challengers Bangalore,Sunrisers Hyderabad,0,1,0
2,2017,Pune,2017-06-04,Mumbai Indians,Rising Pune Supergiant,Rising Pune Supergiant,field,normal,0,Rising Pune Supergiant,0,7,SPD Smith,Maharashtra Cricket Association Stadium,A Nand Kishore,S Ravi,,Rising Pune Supergiant,Mumbai Indians,1,0,1
3,2017,Rajkot,2017-07-04,Gujarat Lions,Kolkata Knight Riders,Kolkata Knight Riders,field,normal,0,Kolkata Knight Riders,0,10,CA Lynn,Saurashtra Cricket Association Stadium,Nitin Menon,CK Nandan,,Kolkata Knight Riders,Gujarat Lions,1,0,1
4,2017,Indore,2017-08-04,Rising Pune Supergiant,Punjab Kings,Punjab Kings,field,normal,0,Punjab Kings,0,6,GJ Maxwell,Holkar Cricket Stadium,AK Chaudhary,C Shamshuddin,,Punjab Kings,Rising Pune Supergiant,1,0,1
5,2017,Bangalore,2017-08-04,Royal Challengers Bangalore,Delhi Capitals,Royal Challengers Bangalore,bat,normal,0,Royal Challengers Bangalore,15,0,KM Jadhav,M Chinnaswamy Stadium,Unknown,Unknown,,Royal Challengers Bangalore,Delhi Capitals,1,0,1
6,2017,Hyderabad,2017-09-04,Gujarat Lions,Sunrisers Hyderabad,Sunrisers Hyderabad,field,normal,0,Sunrisers Hyderabad,0,9,Rashid Khan,"Rajiv Gandhi International Stadium, Uppal",A Deshmukh,NJ Llong,,Sunrisers Hyderabad,Gujarat Lions,1,0,1
7,2017,Mumbai,2017-09-04,Kolkata Knight Riders,Mumbai Indians,Mumbai Indians,field,normal,0,Mumbai Indians,0,4,N Rana,Wankhede Stadium,Nitin Menon,CK Nandan,,Mumbai Indians,Kolkata Knight Riders,1,0,1
8,2017,Indore,2017-10-04,Royal Challengers Bangalore,Punjab Kings,Royal Challengers Bangalore,bat,normal,0,Punjab Kings,0,8,AR Patel,Holkar Cricket Stadium,AK Chaudhary,C Shamshuddin,,Royal Challengers Bangalore,Punjab Kings,0,1,0
9,2017,Pune,2017-11-04,Delhi Capitals,Rising Pune Supergiant,Rising Pune Supergiant,field,normal,0,Delhi Capitals,97,0,SV Samson,Maharashtra Cricket Association Stadium,AY Dandekar,S Ravi,,Rising Pune Supergiant,Delhi Capitals,0,1,0
10,2017,Mumbai,2017-12-04,Sunrisers Hyderabad,Mumbai Indians,Mumbai Indians,field,normal,0,Mumbai Indians,0,4,JJ Bumrah,Wankhede Stadium,Nitin Menon,CK Nandan,,Mumbai Indians,Sunrisers Hyderabad,1,0,1
11,2017,Kolkata,,Punjab Kings,Kolkata Knight Riders,Kolkata Knight Riders,field,normal,0,Kolkata Knight Riders,0,8,SP Narine,Eden Gardens,A Deshmukh,NJ Llong,,Kolkata Knight Riders,Punjab Kings,1,0,1
12,2017,Bangalore,,Royal Challengers Bangalore,Mumbai Indians,Mumbai Indians,field,normal,0,Mumbai Indians,0,4,KA Pollard,M Chinnaswamy Stadium,KN Ananthapadmanabhan,AK Chaudhary,,Mumbai Indians,Royal Challengers Bangalore,1,0,1
13,2017,Rajkot,,Rising Pune Supergiant,Gujarat Lions,Gujarat Lions,field,normal,0,Gujarat Lions,0,7,AJ Tye,Saurashtra Cricket Association Stadium,A Nand Kishore,S Ravi,,Gujarat Lions,Rising Pune Supergiant,1,0,1
14,2017,Kolkata,,Kolkata Knight Riders,Sunrisers Hyderabad,Sunrisers Hyderabad,field,normal,0,Kolkata Knight Riders,17,0,RV Uthappa,Eden Gardens,AY Dandekar,NJ Llong,,Sunrisers Hyderabad,Kolkata Knight Riders,0,1,0
15,2017,Delhi,,Delhi Capitals,Punjab Kings,Delhi Capitals,bat,normal,0,Delhi Capitals,51,0,CJ Anderson,Feroz Shah Kotla,YC Barde,Nitin Menon,,Delhi Capitals,Punjab Kings,1,0,1
16,2017,Mumbai,,Gujarat Lions,Mumbai Indians,Mumbai Indians,field,normal,0,Mumbai Indians,0,6,N Rana,Wankhede Stadium,A Nand Kishore,S Ravi,,Mumbai Indians,Gujarat Lions,1,0,1
17,2017,Bangalore,,Rising Pune Supergiant,Royal Challengers Bangalore,Royal Challengers Bangalore,field,normal,0,Rising Pune Supergiant,27,0,BA Stokes,M Chinnaswamy Stadium,KN Ananthapadmanabhan,C Shamshuddin,,Royal Challengers Bangalore,Rising Pune Supergiant,0,1,0
18,2017,Delhi,,Delhi Capitals,Kolkata Knight Riders,Delhi Capitals,bat,normal,0,Kolkata Knight Riders,0,4,NM Coulter-Nile,Feroz Shah Kotla,Nitin Menon,CK Nandan,,Delhi Capitals,Kolkata Knight Riders,0,1,0
19,2017,Hyderabad,,Sunrisers Hyderabad,Punjab Kings,Punjab Kings,field,normal,0,Sunrisers Hyderabad,5,0,B Kumar,"Rajiv Gandhi International Stadium, Uppal",AY Dandekar,A Deshmukh,,Punjab Kings,Sunrisers Hyderabad,0,1,0
20,2017,Rajkot,,Royal Challengers Bangalore,Gujarat Lions,Gujarat Lions,field,normal,0,Royal Challengers Bangalore,21,0,CH Gayle,Saurashtra Cricket Association Stadium,S Ravi,VK Sharma,,Gujarat Lions,Royal Challengers Bangalore,0,1,0
21,2017,Hyderabad,,Sunrisers Hyderabad,Delhi Capitals,Sunrisers Hyderabad,bat,normal,0,Sunrisers Hyderabad,15,0,KS Williamson,"Rajiv Gandhi International Stadium, Uppal",CB Gaffaney,NJ Llong,,Sunrisers Hyderabad,Delhi Capitals,1,0,1
22,2017,Indore,,Punjab Kings,Mumbai Indians,Mumbai Indians,field,normal,0,Mumbai Indians,0,8,JC Buttler,Holkar Cricket Stadium,M Erasmus,C Shamshuddin,,Mumbai Indians,Punjab Kings,1,0,1
23,2017,Kolkata,,Kolkata Knight Riders,Gujarat Lions,Gujarat Lions,field,normal,0,Gujarat Lions,0,4,SK Raina,Eden Gardens,CB Gaffaney,Nitin Menon,,Gujarat Lions,Kolkata Knight Riders,1,0,1
24,2017,Mumbai,,Mumbai Indians,Delhi Capitals,Delhi Capitals,field,normal,0,Mumbai Indians,14,0,MJ McClenaghan,Wankhede Stadium,A Nand Kishore,S Ravi,,Delhi Capitals,Mumbai Indians,0,1,0
25,2017,Pune,,Sunrisers Hyderabad,Rising Pune Supergiant,Rising Pune Supergiant,field,normal,0,Rising Pune Supergiant,0,6,MS Dhoni,Maharashtra Cricket Association Stadium,AY Dandekar,A Deshmukh,,Rising Pune Supergiant,Sunrisers Hyderabad,1,0,1
26,2017,Rajkot,,Punjab Kings,Gujarat Lions,Gujarat Lions,field,normal,0,Punjab Kings,26,0,HM Amla,Saurashtra Cricket Association Stadium,AK Chaudhary,M Erasmus,,Gujarat Lions,Punjab Kings,0,1,0
27,2017,Kolkata,,Kolkata Knight Riders,Royal Challengers Bangalore,Royal Challengers Bangalore,field,normal,0,Kolkata Knight Riders,82,0,NM Coulter-Nile,Eden Gardens,CB Gaffaney,CK Nandan,,Royal Challengers Bangalore,Kolkata Knight Riders,0,1,0
28,2017,Mumbai,,Rising Pune Supergiant,Mumbai Indians,Mumbai Indians,field,normal,0,Rising Pune Supergiant,3,0,BA Stokes,Wankhede Stadium,A Nand Kishore,S Ravi,,Mumbai Indians,Rising Pune Supergiant,0,1,0
29,2017,Pune,,Rising Pune Supergiant,Kolkata Knight Riders,Kolkata Knight Riders,field,normal,0,Kolkata Knight Riders,0,7,RV Uthappa,Maharashtra Cricket Association Stadium,AY Dandekar,NJ Llong,,Kolkata Knight Riders,Rising Pune Supergiant,1,0,1
30,2017,Bangalore,,Royal Challengers Bangalore,Gujarat Lions,Gujarat Lions,field,normal,0,Gujarat Lions,0,7,AJ Tye,M Chinnaswamy Stadium,AK Chaudhary,C Shamshuddin,,Gujarat Lions,Royal Challengers Bangalore,1,0,1
31,2017,Kolkata,,Delhi Capitals,Kolkata Knight Riders,Kolkata Knight Riders,field,normal,0,Kolkata Knight Riders,0,7,G Gambhir,Eden Gardens,NJ Llong,S Ravi,,Kolkata Knight Riders,Delhi Capitals,1,0,1
32,2017,Mohali,,Sunrisers Hyderabad,Punjab Kings,Punjab Kings,field,normal,0,Sunrisers Hyderabad,26,0,Rashid Khan,"Punjab Cricket Association IS Bindra Stadium, Mohali",Nitin Menon,CK Nandan,,Punjab Kings,Sunrisers Hyderabad,0,1,0
33,2017,Pune,,Rising Pune Supergiant,Royal Challengers Bangalore,Royal Challengers Bangalore,field,normal,0,Rising Pune Supergiant,61,0,LH Ferguson,Maharashtra Cricket Association Stadium,KN Ananthapadmanabhan,M Erasmus,,Royal Challengers Bangalore,Rising Pune Supergiant,0,1,0
34,2017,Rajkot,,Gujarat Lions,Mumbai Indians,Gujarat Lions,bat,tie,0,Tie,0,0,KH Pandya,Saurashtra Cricket Association Stadium,AK Chaudhary,CB Gaffaney,,Gujarat Lions,Mumbai Indians,0,0,0
35,2017,Mohali,,Delhi Capitals,Punjab Kings,Punjab Kings,field,normal,0,Punjab Kings,0,10,Sandeep Sharma,"Punjab Cricket Association IS Bindra Stadium, Mohali",YC Barde,CK Nandan,,Punjab Kings,Delhi Capitals,1,0,1
36,2017,Hyderabad,,Sunrisers Hyderabad,Kolkata Knight Riders,Kolkata Knight Riders,field,normal,0,Sunrisers Hyderabad,48,0,DA Warner,"Rajiv Gandhi International Stadium, Uppal",AY Dandekar,S Ravi,,Kolkata Knight Riders,Sunrisers Hyderabad,0,1,0
37,2017,Mumbai,2017-01-05,Royal Challengers Bangalore,Mumbai Indians,Royal Challengers Bangalore,bat,normal,0,Mumbai Indians,0,5,RG Sharma,Wankhede Stadium,AK Chaudhary,CB Gaffaney,,Royal Challengers Bangalore,Mumbai Indians,0,1,0
38,2017,Pune,2017-01-05,Gujarat Lions,Rising Pune Supergiant,Rising Pune Supergiant,field,normal,0,Rising Pune Supergiant,0,5,BA Stokes,Maharashtra Cricket Association Stadium,M Erasmus,C Shamshuddin,,Rising Pune Supergiant,Gujarat Lions,1,0,1
39,2017,Delhi,2017-02-05,Sunrisers Hyderabad,Delhi Capitals,Delhi Capitals,field,normal,0,Delhi Capitals,0,6,Mohammed Shami,Feroz Shah Kotla,YC Barde,Nitin Menon,,Delhi Capitals,Sunrisers Hyderabad,1,0,1
40,2017,Kolkata,2017-03-05,Kolkata Knight Riders,Rising Pune Supergiant,Rising Pune Supergiant,field,normal,0,Rising Pune Supergiant,0,4,RA Tripathi,Eden Gardens,KN Ananthapadmanabhan,A Nand Kishore,,Rising Pune Supergiant,Kolkata Knight Riders,1,0,1
41,2017,Delhi,2017-04-05,Gujarat Lions,Delhi Capitals,Delhi Capitals,field,normal,0,Delhi Capitals,0,7,RR Pant,Feroz Shah Kotla,M Erasmus,Nitin Menon,,Delhi Capitals,Gujarat Lions,1,0,1
42,2017,Bangalore,2017-05-05,Punjab Kings,Royal Challengers Bangalore,Royal Challengers Bangalore,field,normal,0,Punjab Kings,19,0,Sandeep Sharma,M Chinnaswamy Stadium,CB Gaffaney,C Shamshuddin,,Royal Challengers Bangalore,Punjab Kings,0,1,0
43,2017,Hyderabad,2017-06-05,Rising Pune Supergiant,Sunrisers Hyderabad,Sunrisers Hyderabad,field,normal,0,Rising Pune Supergiant,12,0,JD Unadkat,"Rajiv Gandhi International Stadium, Uppal",KN Ananthapadmanabhan,AK Chaudhary,,Sunrisers Hyderabad,Rising Pune Supergiant,0,1,0
44,2017,Delhi,2017-06-05,Mumbai Indians,Delhi Capitals,Delhi Capitals,field,normal,0,Mumbai Indians,146,0,LMP Simmons,Feroz Shah Kotla,Nitin Menon,CK Nandan,,Delhi Capitals,Mumbai Indians,0,1,0
45,2017,Bangalore,2017-07-05,Royal Challengers Bangalore,Kolkata Knight Riders,Kolkata Knight Riders,field,normal,0,Kolkata Knight Riders,0,6,SP Narine,M Chinnaswamy Stadium,AY Dandekar,C Shamshuddin,,Kolkata Knight Riders,Royal Challengers Bangalore,1,0,1
46,2017,Mohali,2017-07-05,Punjab Kings,Gujarat Lions,Gujarat Lions,field,normal,0,Gujarat Lions,0,6,DR Smith,"Punjab Cricket Association IS Bindra Stadium, Mohali",A Nand Kishore,VK Sharma,,Gujarat Lions,Punjab Kings,1,0,1
47,2017,Hyderabad,2017-08-05,Mumbai Indians,Sunrisers Hyderabad,Mumbai Indians,bat,normal,0,Sunrisers Hyderabad,0,7,S Dhawan,"Rajiv Gandhi International Stadium, Uppal",KN Ananthapadmanabhan,M Erasmus,,Mumbai Indians,Sunrisers Hyderabad,0,1,0
48,2017,Mohali,2017-09-05,Punjab Kings,Kolkata Knight Riders,Kolkata Knight Riders,field,normal,0,Punjab Kings,14,0,MM Sharma,"Punjab Cricket Association IS Bindra Stadium, Mohali",A Nand Kishore,S Ravi,,Kolkata Knight Riders,Punjab Kings,0,1,0
49,2017,Kanpur,2017-10-05,Gujarat Lions,Delhi Capitals,Delhi Capitals,field,normal,0,Delhi Capitals,0,2,SS Iyer,Green Park,YC Barde,AK Chaudhary,,Delhi Capitals,Gujarat Lions,1,0,1
50,2017,Mumbai,2017-11-05,Punjab Kings,Mumbai Indians,Mumbai Indians,field,normal,0,Punjab Kings,7,0,WP Saha,Wankhede Stadium,A Deshmukh,A Nand Kishore,,Mumbai Indians,Punjab Kings,0,1,0
51,2017,Delhi,2017-12-05,Delhi Capitals,Rising Pune Supergiant,Delhi Capitals,bat,normal,0,Delhi Capitals,7,0,KK Nair,Feroz Shah Kotla,KN Ananthapadmanabhan,CK Nandan,,Delhi Capitals,Rising Pune Supergiant,1,0,1
52,2017,Kanpur,,Gujarat Lions,Sunrisers Hyderabad,Sunrisers Hyderabad,field,normal,0,Sunrisers Hyderabad,0,8,Mohammed Siraj,Green Park,AK Chaudhary,Nitin Menon,,Sunrisers Hyderabad,Gujarat Lions,1,0,1
53,2017,Kolkata,,Mumbai Indians,Kolkata Knight Riders,Kolkata Knight Riders,field,normal,0,Mumbai Indians,9,0,AT Rayudu,Eden Gardens,A Nand Kishore,S Ravi,,Kolkata Knight Riders,Mumbai Indians,0,1,0
54,2017,Pune,,Punjab Kings,Rising Pune Supergiant,Rising Pune Supergiant,field,normal,0,Rising Pune Supergiant,0,9,JD Unadkat,Maharashtra Cricket Association Stadium,AY Dandekar,A Deshmukh,,Rising Pune Supergiant,Punjab Kings,1,0,1
55,2017,Delhi,,Royal Challengers Bangalore,Delhi Capitals,Royal Challengers Bangalore,bat,normal,0,Royal Challengers Bangalore,10,0,HV Patel,Feroz Shah Kotla,CK Nandan,C Shamshuddin,,Royal Challengers Bangalore,Delhi Capitals,1,0,1
56,2017,Mumbai,,Rising Pune Supergiant,Mumbai Indians,Mumbai Indians,field,normal,0,Rising Pune Supergiant,20,0,Washington Sundar,Wankhede Stadium,S Ravi,C Shamshuddin,,Mumbai Indians,Rising Pune Supergiant,0,1,0
57,2017,Bangalore,,Sunrisers Hyderabad,Kolkata Knight Riders,Kolkata Knight Riders,field,normal,1,Kolkata Knight Riders,0,7,NM Coulter-Nile,M Chinnaswamy Stadium,AK Chaudhary,Nitin Menon,,Kolkata Knight Riders,Sunrisers Hyderabad,1,0,1
58,2017,Bangalore,,Kolkata Knight Riders,Mumbai Indians,Mumbai Indians,field,normal,0,Mumbai Indians,0,6,KV Sharma,M Chinnaswamy Stadium,NJ Llong,Nitin Menon,,Mumbai Indians,Kolkata Knight Riders,1,0,1
59,2017,Hyderabad,,Mumbai Indians,Rising Pune Supergiant,Mumbai Indians,bat,normal,0,Mumbai Indians,1,0,KH Pandya,"Rajiv Gandhi International Stadium, Uppal",NJ Llong,S Ravi,,Mumbai Indians,Rising Pune Supergiant,1,0,1
60,2008,Bangalore,,Kolkata Knight Riders,Royal Challengers Bangalore,Royal Challengers Bangalore,field,normal,0,Kolkata Knight Riders,140,0,BB McCullum,M Chinnaswamy Stadium,Asad Rauf,RE Koertzen,,Royal Challengers Bangalore,Kolkata Knight Riders,0,1,0
61,2008,Mohali,,Chennai Super Kings,Punjab Kings,Chennai Super Kings,bat,normal,0,Chennai Super Kings,33,0,MEK Hussey,"Punjab Cricket Association Stadium, Mohali",MR Benson,SL Shastri,,Chennai Super Kings,Punjab Kings,1,0,1
62,2008,Delhi,,Rajasthan Royals,Delhi Capitals,Rajasthan Royals,bat,normal,0,Delhi Capitals,0,9,MF Maharoof,Feroz Shah Kotla,Aleem Dar,GA Pratapkumar,,Rajasthan Royals,Delhi Capitals,0,1,0
63,2008,Mumbai,,Mumbai Indians,Royal Challengers Bangalore,Mumbai Indians,bat,normal,0,Royal Challengers Bangalore,0,5,MV Boucher,Wankhede Stadium,SJ Davis,DJ Harper,,Mumbai Indians,Royal Challengers Bangalore,0,1,0
64,2008,Kolkata,,Sunrisers Hyderabad,Kolkata Knight Riders,Sunrisers Hyderabad,bat,normal,0,Kolkata Knight Riders,0,5,DJ Hussey,Eden Gardens,BF Bowden,K Hariharan,,Sunrisers Hyderabad,Kolkata Knight Riders,0,1,0
65,2008,Jaipur,,Punjab Kings,Rajasthan Royals,Punjab Kings,bat,normal,0,Rajasthan Royals,0,6,SR Watson,Sawai Mansingh Stadium,Aleem Dar,RB Tiffin,,Punjab Kings,Rajasthan Royals,0,1,0
66,2008,Hyderabad,,Sunrisers Hyderabad,Delhi Capitals,Sunrisers Hyderabad,bat,normal,0,Delhi Capitals,0,9,V Sehwag,"Rajiv Gandhi International Stadium, Uppal",IL Howell,AM Saheba,,Sunrisers Hyderabad,Delhi Capitals,0,1,0
67,2008,Chennai,,Chennai Super Kings,Mumbai Indians,Mumbai Indians,field,normal,0,Chennai Super Kings,6,0,ML Hayden,"MA Chidambaram Stadium, Chepauk",DJ Harper,GA Pratapkumar,,Mumbai Indians,Chennai Super Kings,0,1,0
68,2008,Hyderabad,,Sunrisers Hyderabad,Rajasthan Royals,Rajasthan Royals,field,normal,0,Rajasthan Royals,0,3,YK Pathan,"Rajiv Gandhi International Stadium, Uppal",Asad Rauf,MR Benson,,Rajasthan Royals,Sunrisers Hyderabad,1,0,1
69,2008,Mohali,,Punjab Kings,Mumbai Indians,Mumbai Indians,field,normal,0,Punjab Kings,66,0,KC Sangakkara,"Punjab Cricket Association Stadium, Mohali",Aleem Dar,AM Saheba,,Mumbai Indians,Punjab Kings,0,1,0
70,2008,Bangalore,,Royal Challengers Bangalore,Rajasthan Royals,Rajasthan Royals,field,normal,0,Rajasthan Royals,0,7,SR Watson,M Chinnaswamy Stadium,MR Benson,IL Howell,,Rajasthan Royals,Royal Challengers Bangalore,1,0,1
71,2008,Chennai,,Kolkata Knight Riders,Chennai Super Kings,Kolkata Knight Riders,bat,normal,0,Chennai Super Kings,0,9,JDP Oram,"MA Chidambaram Stadium, Chepauk",BF Bowden,AV Jayaprakash,,Kolkata Knight Riders,Chennai Super Kings,0,1,0
72,2008,Mumbai,,Mumbai Indians,Sunrisers Hyderabad,Sunrisers Hyderabad,field,normal,0,Sunrisers Hyderabad,0,10,AC Gilchrist,Dr DY Patil Sports Academy,Asad Rauf,SL Shastri,,Sunrisers Hyderabad,Mumbai Indians,1,0,1
73,2008,Mohali,,Delhi Capitals,Punjab Kings,Delhi Capitals,bat,normal,0,Punjab Kings,0,4,SM Katich,"Punjab Cricket Association Stadium, Mohali",RE Koertzen,I Shivram,,Delhi Capitals,Punjab Kings,0,1,0
74,2008,Bangalore,,Chennai Super Kings,Royal Challengers Bangalore,Chennai Super Kings,bat,normal,0,Chennai Super Kings,13,0,MS Dhoni,M Chinnaswamy Stadium,BR Doctrove,RB Tiffin,,Chennai Super Kings,Royal Challengers Bangalore,1,0,1
75,2008,Kolkata,,Kolkata Knight Riders,Mumbai Indians,Kolkata Knight Riders,bat,normal,0,Mumbai Indians,0,7,ST Jayasuriya,Eden Gardens,BF Bowden,AV Jayaprakash,,Kolkata Knight Riders,Mumbai Indians,0,1,0
76,2008,Delhi,,Delhi Capitals,Royal Challengers Bangalore,Royal Challengers Bangalore,field,normal,0,Delhi Capitals,10,0,GD McGrath,Feroz Shah Kotla,Aleem Dar,I Shivram,,Royal Challengers Bangalore,Delhi Capitals,0,1,0
77,2008,Hyderabad,2008-01-05,Sunrisers Hyderabad,Punjab Kings,Punjab Kings,field,normal,0,Punjab Kings,0,7,SE Marsh,"Rajiv Gandhi International Stadium, Uppal",BR Doctrove,RB Tiffin,,Punjab Kings,Sunrisers Hyderabad,1,0,1
78,2008,Jaipur,2008-01-05,Rajasthan Royals,Kolkata Knight Riders,Rajasthan Royals,bat,normal,0,Rajasthan Royals,45,0,SA Asnodkar,Sawai Mansingh Stadium,RE Koertzen,GA Pratapkumar,,Rajasthan Royals,Kolkata Knight Riders,1,0,1
79,2008,Chennai,2008-02-05,Chennai Super Kings,Delhi Capitals,Chennai Super Kings,bat,normal,0,Delhi Capitals,0,8,V Sehwag,"MA Chidambaram Stadium, Chepauk",BF Bowden,K Hariharan,,Chennai Super Kings,Delhi Capitals,0,1,0
80,2008,Hyderabad,,Sunrisers Hyderabad,Royal Challengers Bangalore,Sunrisers Hyderabad,bat,normal,0,Royal Challengers Bangalore,0,5,R Vinay Kumar,"Rajiv Gandhi International Stadium, Uppal",Asad Rauf,RE Koertzen,,Sunrisers Hyderabad,Royal Challengers Bangalore,0,1,0
81,2008,Mohali,2008-03-05,Punjab Kings,Kolkata Knight Riders,Punjab Kings,bat,normal,0,Punjab Kings,9,0,IK Pathan,"Punjab Cricket Association Stadium, Mohali",DJ Harper,I Shivram,,Punjab Kings,Kolkata Knight Riders,1,0,1
82,2008,Mumbai,2008-04-05,Mumbai Indians,Delhi Capitals,Delhi Capitals,field,normal,0,Mumbai Indians,29,0,SM Pollock,Dr DY Patil Sports Academy,IL Howell,RE Koertzen,,Delhi Capitals,Mumbai Indians,0,1,0
83,2008,Jaipur,2008-04-05,Chennai Super Kings,Rajasthan Royals,Chennai Super Kings,bat,normal,0,Rajasthan Royals,0,8,Sohail Tanvir,Sawai Mansingh Stadium,Asad Rauf,AV Jayaprakash,,Chennai Super Kings,Rajasthan Royals,0,1,0
84,2008,Bangalore,2008-05-05,Royal Challengers Bangalore,Punjab Kings,Punjab Kings,field,normal,0,Punjab Kings,0,6,S Sreesanth,M Chinnaswamy Stadium,SJ Davis,BR Doctrove,,Punjab Kings,Royal Challengers Bangalore,1,0,1
85,2008,Chennai,2008-06-05,Chennai Super Kings,Sunrisers Hyderabad,Sunrisers Hyderabad,field,normal,0,Sunrisers Hyderabad,0,7,AC Gilchrist,"MA Chidambaram Stadium, Chepauk",MR Benson,RB Tiffin,,Sunrisers Hyderabad,Chennai Super Kings,1,0,1
86,2008,Mumbai,2008-07-05,Rajasthan Royals,Mumbai Indians,Mumbai Indians,field,normal,0,Mumbai Indians,0,7,A Nehra,Dr DY Patil Sports Academy,DJ Harper,RE Koertzen,,Mumbai Indians,Rajasthan Royals,1,0,1
87,2008,Delhi,2008-08-05,Delhi Capitals,Chennai Super Kings,Chennai Super Kings,field,normal,0,Chennai Super Kings,0,4,MS Dhoni,Feroz Shah Kotla,Aleem Dar,RB Tiffin,,Chennai Super Kings,Delhi Capitals,1,0,1
88,2008,Kolkata,2008-08-05,Kolkata Knight Riders,Royal Challengers Bangalore,Kolkata Knight Riders,bat,normal,0,Kolkata Knight Riders,5,0,SC Ganguly,Eden Gardens,Asad Rauf,IL Howell,,Kolkata Knight Riders,Royal Challengers Bangalore,1,0,1
89,2008,Jaipur,2008-09-05,Sunrisers Hyderabad,Rajasthan Royals,Rajasthan Royals,field,normal,0,Rajasthan Royals,0,8,YK Pathan,Sawai Mansingh Stadium,MR Benson,AM Saheba,,Rajasthan Royals,Sunrisers Hyderabad,1,0,1
90,2008,Bangalore,,Royal Challengers Bangalore,Mumbai Indians,Mumbai Indians,field,normal,0,Mumbai Indians,0,9,CRD Fernando,M Chinnaswamy Stadium,BF Bowden,AV Jayaprakash,,Mumbai Indians,Royal Challengers Bangalore,1,0,1
91,2008,Chennai,2008-10-05,Chennai Super Kings,Punjab Kings,Punjab Kings,field,normal,0,Chennai Super Kings,18,0,L Balaji,"MA Chidambaram Stadium, Chepauk",AV Jayaprakash,BG Jerling,,Punjab Kings,Chennai Super Kings,0,1,0
92,2008,Hyderabad,2008-11-05,Kolkata Knight Riders,Sunrisers Hyderabad,Kolkata Knight Riders,bat,normal,0,Kolkata Knight Riders,23,0,SC Ganguly,"Rajiv Gandhi International Stadium, Uppal",IL Howell,AM Saheba,,Kolkata Knight Riders,Sunrisers Hyderabad,1,0,1
93,2008,Jaipur,2008-11-05,Delhi Capitals,Rajasthan Royals,Rajasthan Royals,field,normal,0,Rajasthan Royals,0,3,SR Watson,Sawai Mansingh Stadium,SJ Davis,RE Koertzen,,Rajasthan Royals,Delhi Capitals,1,0,1
94,2008,Mohali,2008-12-05,Royal Challengers Bangalore,Punjab Kings,Royal Challengers Bangalore,bat,normal,0,Punjab Kings,0,9,SE Marsh,"Punjab Cricket Association Stadium, Mohali",BR Doctrove,I Shivram,,Royal Challengers Bangalore,Punjab Kings,0,1,0
95,2008,Kolkata,,Kolkata Knight Riders,Delhi Capitals,Kolkata Knight Riders,bat,normal,0,Kolkata Knight Riders,23,0,Shoaib Akhtar,Eden Gardens,Asad Rauf,IL Howell,,Kolkata Knight Riders,Delhi Capitals,1,0,1
96,2008,Mumbai,,Chennai Super Kings,Mumbai Indians,Mumbai Indians,field,normal,0,Mumbai Indians,0,9,ST Jayasuriya,Wankhede Stadium,BR Doctrove,AM Saheba,,Mumbai Indians,Chennai Super Kings,1,0,1
97,2008,Mohali,,Punjab Kings,Rajasthan Royals,Rajasthan Royals,field,normal,0,Punjab Kings,41,0,SE Marsh,"Punjab Cricket Association Stadium, Mohali",SJ Davis,K Hariharan,,Rajasthan Royals,Punjab Kings,0,1,0
98,2008,Delhi,,Delhi Capitals,Sunrisers Hyderabad,Sunrisers Hyderabad,field,normal,0,Delhi Capitals,12,0,A Mishra,Feroz Shah Kotla,BG Jerling,GA Pratapkumar,,Sunrisers Hyderabad,Delhi Capitals,0,1,0
99,2008,Mumbai,,Kolkata Knight Riders,Mumbai Indians,Mumbai Indians,field,normal,0,Mumbai Indians,0,8,SM Pollock,Wankhede Stadium,BR Doctrove,DJ Harper,,Mumbai Indians,Kolkata Knight Riders,1,0,1
100,2008,Delhi,,Delhi Capitals,Punjab Kings,Delhi Capitals,bat,normal,1,Punjab Kings,6,0,DPMD Jayawardene,Feroz Shah Kotla,AV Jayaprakash,RE Koertzen,,Delhi Capitals,Punjab Kings,0,1,0
101,2008,Jaipur,,Rajasthan Royals,Royal Challengers Bangalore,Royal Challengers Bangalore,field,normal,0,Rajasthan Royals,65,0,GC Smith,Sawai Mansingh Stadium,BF Bowden,SL Shastri,,Royal Challengers Bangalore,Rajasthan Royals,0,1,0
102,2008,Hyderabad,,Mumbai Indians,Sunrisers Hyderabad,Sunrisers Hyderabad,field,normal,0,Mumbai Indians,25,0,DJ Bravo,"Rajiv Gandhi International Stadium, Uppal",BR Doctrove,DJ Harper,,Sunrisers Hyderabad,Mumbai Indians,0,1,0
103,2008,Kolkata,,Kolkata Knight Riders,Chennai Super Kings,Kolkata Knight Riders,bat,normal,1,Chennai Super Kings,3,0,M Ntini,Eden Gardens,Asad Rauf,K Hariharan,,Kolkata Knight Riders,Chennai Super Kings,0,1,0
104,2008,Bangalore,,Royal Challengers Bangalore,Delhi Capitals,Delhi Capitals,field,normal,0,Delhi Capitals,0,5,SP Goswami,M Chinnaswamy Stadium,SJ Davis,GA Pratapkumar,,Delhi Capitals,Royal Challengers Bangalore,1,0,1
105,2008,Kolkata,,Kolkata Knight Riders,Rajasthan Royals,Rajasthan Royals,field,normal,0,Rajasthan Royals,0,6,YK Pathan,Eden Gardens,BG Jerling,RE Koertzen,,Rajasthan Royals,Kolkata Knight Riders,1,0,1
106,2008,Mumbai,,Punjab Kings,Mumbai Indians,Mumbai Indians,field,normal,0,Punjab Kings,1,0,SE Marsh,Wankhede Stadium,BF Bowden,GA Pratapkumar,,Mumbai Indians,Punjab Kings,0,1,0
107,2008,Chennai,,Royal Challengers Bangalore,Chennai Super Kings,Royal Challengers Bangalore,bat,normal,0,Royal Challengers Bangalore,14,0,A Kumble,"MA Chidambaram Stadium, Chepauk",DJ Harper,I Shivram,,Royal Challengers Bangalore,Chennai Super Kings,1,0,1
108,2008,Mohali,,Sunrisers Hyderabad,Punjab Kings,Punjab Kings,field,normal,0,Punjab Kings,0,6,SE Marsh,"Punjab Cricket Association Stadium, Mohali",Asad Rauf,SJ Davis,,Punjab Kings,Sunrisers Hyderabad,1,0,1
109,2008,Delhi,,Mumbai Indians,Delhi Capitals,Delhi Capitals,field,normal,0,Delhi Capitals,0,5,KD Karthik,Feroz Shah Kotla,BF Bowden,K Hariharan,,Delhi Capitals,Mumbai Indians,1,0,1
110,2008,Chennai,,Rajasthan Royals,Chennai Super Kings,Rajasthan Royals,bat,normal,0,Rajasthan Royals,10,0,JA Morkel,"MA Chidambaram Stadium, Chepauk",DJ Harper,SL Shastri,,Rajasthan Royals,Chennai Super Kings,1,0,1
111,2008,Bangalore,2008-03-05,Royal Challengers Bangalore,Sunrisers Hyderabad,Sunrisers Hyderabad,field,normal,0,Royal Challengers Bangalore,3,0,P Kumar,M Chinnaswamy Stadium,BR Doctrove,SL Shastri,,Sunrisers Hyderabad,Royal Challengers Bangalore,0,1,0
112,2008,Kolkata,,Punjab Kings,Kolkata Knight Riders,Punjab Kings,bat,normal,0,Kolkata Knight Riders,0,3,Umar Gul,Eden Gardens,SJ Davis,I Shivram,,Punjab Kings,Kolkata Knight Riders,0,1,0
113,2008,Jaipur,,Mumbai Indians,Rajasthan Royals,Rajasthan Royals,field,normal,0,Rajasthan Royals,0,5,Sohail Tanvir,Sawai Mansingh Stadium,BF Bowden,K Hariharan,,Rajasthan Royals,Mumbai Indians,1,0,1
114,2008,Hyderabad,,Sunrisers Hyderabad,Chennai Super Kings,Sunrisers Hyderabad,bat,normal,0,Chennai Super Kings,0,7,SK Raina,"Rajiv Gandhi International Stadium, Uppal",BG Jerling,AM Saheba,,Sunrisers Hyderabad,Chennai Super Kings,0,1,0
115,2008,Mumbai,,Rajasthan Royals,Delhi Capitals,Delhi Capitals,field,normal,0,Rajasthan Royals,105,0,SR Watson,Wankhede Stadium,BF Bowden,RE Koertzen,,Delhi Capitals,Rajasthan Royals,0,1,0
116,2008,Mumbai,,Punjab Kings,Chennai Super Kings,Punjab Kings,bat,normal,0,Chennai Super Kings,0,9,M Ntini,Wankhede Stadium,Asad Rauf,DJ Harper,,Punjab Kings,Chennai Super Kings,0,1,0
117,2008,Mumbai,2008-01-06,Chennai Super Kings,Rajasthan Royals,Rajasthan Royals,field,normal,0,Rajasthan Royals,0,3,YK Pathan,Dr DY Patil Sports Academy,BF Bowden,RE Koertzen,,Rajasthan Royals,Chennai Super Kings,1,0,1
118,2009,Cape Town,,Mumbai Indians,Chennai Super Kings,Chennai Super Kings,field,normal,0,Mumbai Indians,19,0,SR Tendulkar,Newlands,BR Doctrove,K Hariharan,,Chennai Super Kings,Mumbai Indians,0,1,0
119,2009,Cape Town,,Royal Challengers Bangalore,Rajasthan Royals,Royal Challengers Bangalore,bat,normal,0,Royal Challengers Bangalore,75,0,R Dravid,Newlands,BR Doctrove,RB Tiffin,,Royal Challengers Bangalore,Rajasthan Royals,1,0,1
120,2009,Cape Town,,Punjab Kings,Delhi Capitals,Delhi Capitals,field,normal,1,Delhi Capitals,0,10,DL Vettori,Newlands,MR Benson,SD Ranade,,Delhi Capitals,Punjab Kings,1,0,1
121,2009,Cape Town,,Kolkata Knight Riders,Sunrisers Hyderabad,Kolkata Knight Riders,bat,normal,0,Sunrisers Hyderabad,0,8,RP Singh,Newlands,MR Benson,BR Doctrove,,Kolkata Knight Riders,Sunrisers Hyderabad,0,1,0
122,2009,Port Elizabeth,,Chennai Super Kings,Royal Challengers Bangalore,Chennai Super Kings,bat,normal,0,Chennai Super Kings,92,0,M Muralitharan,St George's Park,BG Jerling,SJA Taufel,,Chennai Super Kings,Royal Challengers Bangalore,1,0,1
123,2009,Durban,,Punjab Kings,Kolkata Knight Riders,Kolkata Knight Riders,field,normal,1,Kolkata Knight Riders,11,0,CH Gayle,Kingsmead,DJ Harper,SD Ranade,,Kolkata Knight Riders,Punjab Kings,1,0,1
124,2009,Cape Town,,Sunrisers Hyderabad,Royal Challengers Bangalore,Sunrisers Hyderabad,bat,normal,0,Sunrisers Hyderabad,24,0,AC Gilchrist,Newlands,M Erasmus,AM Saheba,,Sunrisers Hyderabad,Royal Challengers Bangalore,1,0,1
125,2009,Durban,,Delhi Capitals,Chennai Super Kings,Delhi Capitals,bat,normal,0,Delhi Capitals,9,0,AB de Villiers,Kingsmead,BR Doctrove,SJA Taufel,,Delhi Capitals,Chennai Super Kings,1,0,1
126,2009,Cape Town,,Rajasthan Royals,Kolkata Knight Riders,Kolkata Knight Riders,field,tie,0,Tie,0,0,YK Pathan,Newlands,MR Benson,M Erasmus,,Kolkata Knight Riders,Rajasthan Royals,0,0,0
127,2009,Durban,,Royal Challengers Bangalore,Punjab Kings,Royal Challengers Bangalore,bat,normal,0,Punjab Kings,0,7,RS Bopara,Kingsmead,BR Doctrove,TH Wijewardene,,Royal Challengers Bangalore,Punjab Kings,0,1,0
128,2009,Durban,,Sunrisers Hyderabad,Mumbai Indians,Sunrisers Hyderabad,bat,normal,0,Sunrisers Hyderabad,12,0,PP Ojha,Kingsmead,HDPK Dharmasena,SJA Taufel,,Sunrisers Hyderabad,Mumbai Indians,1,0,1
129,2009,Port Elizabeth,,Royal Challengers Bangalore,Delhi Capitals,Royal Challengers Bangalore,bat,normal,0,Delhi Capitals,0,6,TM Dilshan,St George's Park,S Asnani,BG Jerling,,Royal Challengers Bangalore,Delhi Capitals,0,1,0
130,2009,Cape Town,,Punjab Kings,Rajasthan Royals,Punjab Kings,bat,normal,0,Punjab Kings,27,0,KC Sangakkara,Newlands,M Erasmus,K Hariharan,,Punjab Kings,Rajasthan Royals,1,0,1
131,2009,Durban,,Chennai Super Kings,Sunrisers Hyderabad,Sunrisers Hyderabad,field,normal,0,Sunrisers Hyderabad,0,6,HH Gibbs,Kingsmead,IL Howell,TH Wijewardene,,Sunrisers Hyderabad,Chennai Super Kings,1,0,1
132,2009,Port Elizabeth,,Mumbai Indians,Kolkata Knight Riders,Mumbai Indians,bat,normal,0,Mumbai Indians,92,0,SR Tendulkar,St George's Park,BG Jerling,RB Tiffin,,Mumbai Indians,Kolkata Knight Riders,1,0,1
133,2009,Centurion,,Delhi Capitals,Rajasthan Royals,Delhi Capitals,bat,normal,0,Rajasthan Royals,0,5,YK Pathan,SuperSport Park,GAV Baxter,RE Koertzen,,Delhi Capitals,Rajasthan Royals,0,1,0
134,2009,Durban,,Kolkata Knight Riders,Royal Challengers Bangalore,Kolkata Knight Riders,bat,normal,0,Royal Challengers Bangalore,0,5,MV Boucher,Kingsmead,MR Benson,TH Wijewardene,,Kolkata Knight Riders,Royal Challengers Bangalore,0,1,0
135,2009,Durban,,Punjab Kings,Mumbai Indians,Punjab Kings,bat,normal,0,Punjab Kings,3,0,KC Sangakkara,Kingsmead,MR Benson,SL Shastri,,Punjab Kings,Mumbai Indians,1,0,1
136,2009,Centurion,,Sunrisers Hyderabad,Delhi Capitals,Delhi Capitals,field,normal,0,Delhi Capitals,0,6,DP Nannes,SuperSport Park,GAV Baxter,AM Saheba,,Delhi Capitals,Sunrisers Hyderabad,1,0,1
137,2009,Centurion,,Chennai Super Kings,Rajasthan Royals,Rajasthan Royals,field,normal,0,Chennai Super Kings,38,0,SK Raina,SuperSport Park,GAV Baxter,RE Koertzen,,Rajasthan Royals,Chennai Super Kings,0,1,0
138,2009,East London,2009-01-05,Mumbai Indians,Kolkata Knight Riders,Mumbai Indians,bat,normal,0,Mumbai Indians,9,0,JP Duminy,Buffalo Park,M Erasmus,SK Tarapore,,Mumbai Indians,Kolkata Knight Riders,1,0,1
139,2009,Durban,2009-01-05,Royal Challengers Bangalore,Punjab Kings,Royal Challengers Bangalore,bat,normal,0,Royal Challengers Bangalore,8,0,Yuvraj Singh,Kingsmead,HDPK Dharmasena,S Ravi,,Royal Challengers Bangalore,Punjab Kings,1,0,1
140,2009,Port Elizabeth,2009-02-05,Sunrisers Hyderabad,Rajasthan Royals,Sunrisers Hyderabad,bat,normal,0,Rajasthan Royals,0,3,YK Pathan,St George's Park,S Asnani,BG Jerling,,Sunrisers Hyderabad,Rajasthan Royals,0,1,0
141,2009,Johannesburg,2009-02-05,Chennai Super Kings,Delhi Capitals,Delhi Capitals,field,normal,0,Chennai Super Kings,18,0,SB Jakati,New Wanderers Stadium,DJ Harper,RE Koertzen,,Delhi Capitals,Chennai Super Kings,0,1,0
142,2009,Port Elizabeth,2009-03-05,Kolkata Knight Riders,Punjab Kings,Kolkata Knight Riders,bat,normal,0,Punjab Kings,0,6,DPMD Jayawardene,St George's Park,S Asnani,MR Benson,,Kolkata Knight Riders,Punjab Kings,0,1,0
143,2009,Johannesburg,2009-03-05,Mumbai Indians,Royal Challengers Bangalore,Mumbai Indians,bat,normal,0,Royal Challengers Bangalore,0,9,JH Kallis,New Wanderers Stadium,RE Koertzen,TH Wijewardene,,Mumbai Indians,Royal Challengers Bangalore,0,1,0
144,2009,East London,2009-04-05,Chennai Super Kings,Sunrisers Hyderabad,Chennai Super Kings,bat,normal,0,Chennai Super Kings,78,0,MS Dhoni,Buffalo Park,BR Doctrove,M Erasmus,,Chennai Super Kings,Sunrisers Hyderabad,1,0,1
145,2009,Durban,2009-05-05,Rajasthan Royals,Punjab Kings,Punjab Kings,field,normal,0,Rajasthan Royals,78,0,GC Smith,Kingsmead,SS Hazare,IL Howell,,Punjab Kings,Rajasthan Royals,0,1,0
146,2009,Durban,2009-05-05,Kolkata Knight Riders,Delhi Capitals,Kolkata Knight Riders,bat,normal,0,Delhi Capitals,0,9,G Gambhir,Kingsmead,GAV Baxter,IL Howell,,Kolkata Knight Riders,Delhi Capitals,0,1,0
147,2009,Centurion,2009-06-05,Sunrisers Hyderabad,Mumbai Indians,Sunrisers Hyderabad,bat,normal,0,Sunrisers Hyderabad,19,0,RG Sharma,SuperSport Park,MR Benson,HDPK Dharmasena,,Sunrisers Hyderabad,Mumbai Indians,1,0,1
148,2009,Centurion,2009-07-05,Royal Challengers Bangalore,Rajasthan Royals,Rajasthan Royals,field,normal,0,Rajasthan Royals,0,7,A Singh,SuperSport Park,K Hariharan,DJ Harper,,Rajasthan Royals,Royal Challengers Bangalore,1,0,1
149,2009,Centurion,2009-07-05,Chennai Super Kings,Punjab Kings,Chennai Super Kings,bat,normal,1,Chennai Super Kings,12,0,ML Hayden,SuperSport Park,DJ Harper,TH Wijewardene,,Chennai Super Kings,Punjab Kings,1,0,1
150,2009,East London,2009-08-05,Mumbai Indians,Delhi Capitals,Mumbai Indians,bat,normal,0,Delhi Capitals,0,7,A Nehra,Buffalo Park,M Erasmus,SK Tarapore,,Mumbai Indians,Delhi Capitals,0,1,0
151,2009,Kimberley,2009-09-05,Sunrisers Hyderabad,Punjab Kings,Punjab Kings,field,normal,0,Punjab Kings,0,3,DPMD Jayawardene,De Beers Diamond Oval,GAV Baxter,AM Saheba,,Punjab Kings,Sunrisers Hyderabad,1,0,1
152,2009,Kimberley,2009-09-05,Rajasthan Royals,Chennai Super Kings,Rajasthan Royals,bat,normal,0,Chennai Super Kings,0,7,S Badrinath,De Beers Diamond Oval,GAV Baxter,HDPK Dharmasena,,Rajasthan Royals,Chennai Super Kings,0,1,0
153,2009,Port Elizabeth,2009-10-05,Mumbai Indians,Royal Challengers Bangalore,Mumbai Indians,bat,normal,0,Mumbai Indians,16,0,JP Duminy,St George's Park,BR Doctrove,BG Jerling,,Mumbai Indians,Royal Challengers Bangalore,1,0,1
154,2009,Johannesburg,2009-10-05,Kolkata Knight Riders,Delhi Capitals,Delhi Capitals,field,normal,0,Delhi Capitals,0,7,A Mishra,New Wanderers Stadium,SL Shastri,RB Tiffin,,Delhi Capitals,Kolkata Knight Riders,1,0,1
155,2009,Kimberley,2009-11-05,Sunrisers Hyderabad,Rajasthan Royals,Sunrisers Hyderabad,bat,normal,0,Sunrisers Hyderabad,53,0,DR Smith,De Beers Diamond Oval,GAV Baxter,HDPK Dharmasena,,Sunrisers Hyderabad,Rajasthan Royals,1,0,1
156,2009,Centurion,2009-12-05,Kolkata Knight Riders,Royal Challengers Bangalore,Royal Challengers Bangalore,field,normal,0,Royal Challengers Bangalore,0,6,LRPL Taylor,SuperSport Park,M Erasmus,SS Hazare,,Royal Challengers Bangalore,Kolkata Knight Riders,1,0,1
157,2009,Centurion,2009-12-05,Punjab Kings,Mumbai Indians,Punjab Kings,bat,normal,0,Mumbai Indians,0,8,Harbhajan Singh,SuperSport Park,SS Hazare,RE Koertzen,,Punjab Kings,Mumbai Indians,0,1,0
158,2009,Durban,,Delhi Capitals,Sunrisers Hyderabad,Sunrisers Hyderabad,field,normal,0,Delhi Capitals,12,0,R Bhatia,Kingsmead,DJ Harper,SL Shastri,,Sunrisers Hyderabad,Delhi Capitals,0,1,0
159,2009,Durban,,Chennai Super Kings,Royal Challengers Bangalore,Chennai Super Kings,bat,normal,0,Royal Challengers Bangalore,0,2,LRPL Taylor,Kingsmead,BR Doctrove,DJ Harper,,Chennai Super Kings,Royal Challengers Bangalore,0,1,0
160,2009,Durban,,Rajasthan Royals,Mumbai Indians,Rajasthan Royals,bat,normal,0,Rajasthan Royals,2,0,SK Warne,Kingsmead,BR Doctrove,DJ Harper,,Rajasthan Royals,Mumbai Indians,1,0,1
161,2009,Bloemfontein,,Delhi Capitals,Punjab Kings,Punjab Kings,field,normal,0,Punjab Kings,0,6,B Lee,OUTsurance Oval,HDPK Dharmasena,IL Howell,,Punjab Kings,Delhi Capitals,1,0,1
162,2009,Port Elizabeth,,Mumbai Indians,Chennai Super Kings,Mumbai Indians,bat,normal,0,Chennai Super Kings,0,7,ML Hayden,St George's Park,SK Tarapore,SJA Taufel,,Mumbai Indians,Chennai Super Kings,0,1,0
163,2009,Johannesburg,,Kolkata Knight Riders,Sunrisers Hyderabad,Sunrisers Hyderabad,field,normal,0,Sunrisers Hyderabad,0,6,RG Sharma,New Wanderers Stadium,RE Koertzen,S Ravi,,Sunrisers Hyderabad,Kolkata Knight Riders,1,0,1
164,2009,Johannesburg,,Punjab Kings,Sunrisers Hyderabad,Sunrisers Hyderabad,field,normal,0,Punjab Kings,1,0,Yuvraj Singh,New Wanderers Stadium,S Ravi,RB Tiffin,,Sunrisers Hyderabad,Punjab Kings,0,1,0
165,2009,Bloemfontein,,Delhi Capitals,Rajasthan Royals,Delhi Capitals,bat,normal,0,Delhi Capitals,14,0,AB de Villiers,OUTsurance Oval,SS Hazare,IL Howell,,Delhi Capitals,Rajasthan Royals,1,0,1
166,2009,Centurion,,Chennai Super Kings,Kolkata Knight Riders,Chennai Super Kings,bat,normal,0,Kolkata Knight Riders,0,7,BJ Hodge,SuperSport Park,SJA Taufel,RB Tiffin,,Chennai Super Kings,Kolkata Knight Riders,0,1,0
167,2009,Johannesburg,,Delhi Capitals,Royal Challengers Bangalore,Delhi Capitals,bat,normal,0,Royal Challengers Bangalore,0,7,JH Kallis,New Wanderers Stadium,IL Howell,RB Tiffin,,Delhi Capitals,Royal Challengers Bangalore,0,1,0
168,2009,Durban,,Rajasthan Royals,Kolkata Knight Riders,Kolkata Knight Riders,field,normal,0,Kolkata Knight Riders,0,4,LR Shukla,Kingsmead,BG Jerling,SJA Taufel,,Kolkata Knight Riders,Rajasthan Royals,1,0,1
169,2009,Durban,,Chennai Super Kings,Punjab Kings,Chennai Super Kings,bat,normal,0,Chennai Super Kings,24,0,M Muralitharan,Kingsmead,BG Jerling,SJA Taufel,,Chennai Super Kings,Punjab Kings,1,0,1
170,2009,Centurion,,Mumbai Indians,Delhi Capitals,Delhi Capitals,field,normal,0,Delhi Capitals,0,4,V Sehwag,SuperSport Park,IL Howell,S Ravi,,Delhi Capitals,Mumbai Indians,1,0,1
171,2009,Centurion,,Royal Challengers Bangalore,Sunrisers Hyderabad,Royal Challengers Bangalore,bat,normal,0,Royal Challengers Bangalore,12,0,MK Pandey,SuperSport Park,IL Howell,S Ravi,,Royal Challengers Bangalore,Sunrisers Hyderabad,1,0,1
172,2009,Centurion,,Delhi Capitals,Sunrisers Hyderabad,Sunrisers Hyderabad,field,normal,0,Sunrisers Hyderabad,0,6,AC Gilchrist,SuperSport Park,BR Doctrove,DJ Harper,,Sunrisers Hyderabad,Delhi Capitals,1,0,1
173,2009,Johannesburg,,Chennai Super Kings,Royal Challengers Bangalore,Royal Challengers Bangalore,field,normal,0,Royal Challengers Bangalore,0,6,MK Pandey,New Wanderers Stadium,RE Koertzen,SJA Taufel,,Royal Challengers Bangalore,Chennai Super Kings,1,0,1
174,2009,Johannesburg,,Sunrisers Hyderabad,Royal Challengers Bangalore,Royal Challengers Bangalore,field,normal,0,Sunrisers Hyderabad,6,0,A Kumble,New Wanderers Stadium,RE Koertzen,SJA Taufel,,Royal Challengers Bangalore,Sunrisers Hyderabad,0,1,0
175,2010,Mumbai,2010-12-03,Kolkata Knight Riders,Sunrisers Hyderabad,Sunrisers Hyderabad,field,normal,0,Kolkata Knight Riders,11,0,AD Mathews,Dr DY Patil Sports Academy,RE Koertzen,RB Tiffin,,Sunrisers Hyderabad,Kolkata Knight Riders,0,1,0
176,2010,Mumbai,,Mumbai Indians,Rajasthan Royals,Mumbai Indians,bat,normal,0,Mumbai Indians,4,0,YK Pathan,Brabourne Stadium,RE Koertzen,RB Tiffin,,Mumbai Indians,Rajasthan Royals,1,0,1
177,2010,Mohali,,Punjab Kings,Delhi Capitals,Delhi Capitals,field,normal,0,Delhi Capitals,0,5,G Gambhir,"Punjab Cricket Association Stadium, Mohali",BR Doctrove,S Ravi,,Delhi Capitals,Punjab Kings,1,0,1
178,2010,Kolkata,,Royal Challengers Bangalore,Kolkata Knight Riders,Kolkata Knight Riders,field,normal,0,Kolkata Knight Riders,0,7,MK Tiwary,Eden Gardens,HDPK Dharmasena,AM Saheba,,Kolkata Knight Riders,Royal Challengers Bangalore,1,0,1
179,2010,Chennai,,Sunrisers Hyderabad,Chennai Super Kings,Sunrisers Hyderabad,bat,normal,0,Sunrisers Hyderabad,31,0,WPUJC Vaas,"MA Chidambaram Stadium, Chepauk",K Hariharan,DJ Harper,,Sunrisers Hyderabad,Chennai Super Kings,1,0,1
180,2010,Ahmedabad,,Rajasthan Royals,Delhi Capitals,Delhi Capitals,field,normal,0,Delhi Capitals,0,6,V Sehwag,"Sardar Patel Stadium, Motera",BG Jerling,RE Koertzen,,Delhi Capitals,Rajasthan Royals,1,0,1
181,2010,Bangalore,,Punjab Kings,Royal Challengers Bangalore,Punjab Kings,bat,normal,0,Royal Challengers Bangalore,0,8,JH Kallis,M Chinnaswamy Stadium,S Das,DJ Harper,,Punjab Kings,Royal Challengers Bangalore,0,1,0
182,2010,Kolkata,,Chennai Super Kings,Kolkata Knight Riders,Chennai Super Kings,bat,normal,0,Chennai Super Kings,55,0,MS Dhoni,Eden Gardens,HDPK Dharmasena,AM Saheba,,Chennai Super Kings,Kolkata Knight Riders,1,0,1
183,2010,Delhi,,Mumbai Indians,Delhi Capitals,Delhi Capitals,field,normal,0,Mumbai Indians,98,0,SR Tendulkar,Feroz Shah Kotla,BR Doctrove,SK Tarapore,,Delhi Capitals,Mumbai Indians,0,1,0
184,2010,Bangalore,,Rajasthan Royals,Royal Challengers Bangalore,Royal Challengers Bangalore,field,normal,0,Royal Challengers Bangalore,0,10,JH Kallis,M Chinnaswamy Stadium,K Hariharan,DJ Harper,,Royal Challengers Bangalore,Rajasthan Royals,1,0,1
185,2010,Delhi,,Delhi Capitals,Chennai Super Kings,Delhi Capitals,bat,normal,0,Chennai Super Kings,0,5,ML Hayden,Feroz Shah Kotla,BR Doctrove,SK Tarapore,,Delhi Capitals,Chennai Super Kings,0,1,0
186,2010,Cuttack,,Sunrisers Hyderabad,Punjab Kings,Punjab Kings,field,normal,0,Sunrisers Hyderabad,6,0,A Symonds,Barabati Stadium,BF Bowden,M Erasmus,,Punjab Kings,Sunrisers Hyderabad,0,1,0
187,2010,Ahmedabad,,Rajasthan Royals,Kolkata Knight Riders,Rajasthan Royals,bat,normal,0,Rajasthan Royals,34,0,AA Jhunjhunwala,"Sardar Patel Stadium, Motera",RE Koertzen,RB Tiffin,,Rajasthan Royals,Kolkata Knight Riders,1,0,1
188,2010,Mumbai,,Mumbai Indians,Royal Challengers Bangalore,Mumbai Indians,bat,normal,0,Royal Challengers Bangalore,0,7,JH Kallis,Brabourne Stadium,HDPK Dharmasena,SS Hazare,,Mumbai Indians,Royal Challengers Bangalore,0,1,0
189,2010,Cuttack,,Sunrisers Hyderabad,Delhi Capitals,Sunrisers Hyderabad,bat,normal,0,Sunrisers Hyderabad,10,0,A Symonds,Barabati Stadium,BF Bowden,M Erasmus,,Sunrisers Hyderabad,Delhi Capitals,1,0,1
190,2010,Chennai,,Punjab Kings,Chennai Super Kings,Chennai Super Kings,field,tie,0,Tie,0,0,J Theron,"MA Chidambaram Stadium, Chepauk",K Hariharan,DJ Harper,,Chennai Super Kings,Punjab Kings,0,0,0
191,2010,Mumbai,,Kolkata Knight Riders,Mumbai Indians,Kolkata Knight Riders,bat,normal,0,Mumbai Indians,0,7,SR Tendulkar,Brabourne Stadium,SS Hazare,SJA Taufel,,Kolkata Knight Riders,Mumbai Indians,0,1,0
192,2010,Bangalore,,Royal Challengers Bangalore,Chennai Super Kings,Chennai Super Kings,field,normal,0,Royal Challengers Bangalore,36,0,RV Uthappa,M Chinnaswamy Stadium,RE Koertzen,RB Tiffin,,Chennai Super Kings,Royal Challengers Bangalore,0,1,0
193,2010,Mohali,,Rajasthan Royals,Punjab Kings,Punjab Kings,field,normal,0,Rajasthan Royals,31,0,AC Voges,"Punjab Cricket Association Stadium, Mohali",BR Doctrove,SK Tarapore,,Punjab Kings,Rajasthan Royals,0,1,0
194,2010,Mumbai,,Chennai Super Kings,Mumbai Indians,Mumbai Indians,field,normal,0,Mumbai Indians,0,5,SR Tendulkar,Brabourne Stadium,BF Bowden,AM Saheba,,Mumbai Indians,Chennai Super Kings,1,0,1
195,2010,Ahmedabad,,Sunrisers Hyderabad,Rajasthan Royals,Sunrisers Hyderabad,bat,normal,0,Rajasthan Royals,0,8,YK Pathan,"Sardar Patel Stadium, Motera",HDPK Dharmasena,SJA Taufel,,Sunrisers Hyderabad,Rajasthan Royals,0,1,0
196,2010,Mohali,,Kolkata Knight Riders,Punjab Kings,Kolkata Knight Riders,bat,normal,0,Kolkata Knight Riders,39,0,MK Tiwary,"Punjab Cricket Association Stadium, Mohali",BR Doctrove,S Ravi,,Kolkata Knight Riders,Punjab Kings,1,0,1
197,2010,Bangalore,,Delhi Capitals,Royal Challengers Bangalore,Royal Challengers Bangalore,field,normal,0,Delhi Capitals,17,0,KM Jadhav,M Chinnaswamy Stadium,BG Jerling,RE Koertzen,,Royal Challengers Bangalore,Delhi Capitals,0,1,0
198,2010,Ahmedabad,,Rajasthan Royals,Chennai Super Kings,Rajasthan Royals,bat,normal,0,Rajasthan Royals,17,0,NV Ojha,"Sardar Patel Stadium, Motera",SS Hazare,SJA Taufel,,Rajasthan Royals,Chennai Super Kings,1,0,1
199,2010,Mumbai,,Mumbai Indians,Sunrisers Hyderabad,Sunrisers Hyderabad,field,normal,0,Mumbai Indians,41,0,Harbhajan Singh,Dr DY Patil Sports Academy,S Das,K Hariharan,,Sunrisers Hyderabad,Mumbai Indians,0,1,0
200,2010,Delhi,,Delhi Capitals,Kolkata Knight Riders,Delhi Capitals,bat,normal,0,Delhi Capitals,40,0,DA Warner,Feroz Shah Kotla,SS Hazare,SJA Taufel,,Delhi Capitals,Kolkata Knight Riders,1,0,1
201,2010,Mumbai,,Punjab Kings,Mumbai Indians,Mumbai Indians,field,normal,0,Mumbai Indians,0,4,SL Malinga,Brabourne Stadium,BR Doctrove,SK Tarapore,,Mumbai Indians,Punjab Kings,1,0,1
202,2010,Chennai,,Royal Challengers Bangalore,Chennai Super Kings,Royal Challengers Bangalore,bat,normal,0,Chennai Super Kings,0,5,M Vijay,"MA Chidambaram Stadium, Chepauk",BG Jerling,RE Koertzen,,Royal Challengers Bangalore,Chennai Super Kings,0,1,0
203,2010,Delhi,,Delhi Capitals,Rajasthan Royals,Delhi Capitals,bat,normal,0,Delhi Capitals,67,0,KD Karthik,Feroz Shah Kotla,HDPK Dharmasena,SJA Taufel,,Delhi Capitals,Rajasthan Royals,1,0,1
204,2010,Kolkata,2010-01-04,Kolkata Knight Riders,Sunrisers Hyderabad,Kolkata Knight Riders,bat,normal,0,Kolkata Knight Riders,24,0,SC Ganguly,Eden Gardens,K Hariharan,DJ Harper,,Kolkata Knight Riders,Sunrisers Hyderabad,1,0,1
205,2010,Mohali,2010-02-04,Punjab Kings,Royal Challengers Bangalore,Punjab Kings,bat,normal,0,Royal Challengers Bangalore,0,6,KP Pietersen,"Punjab Cricket Association Stadium, Mohali",BF Bowden,M Erasmus,,Punjab Kings,Royal Challengers Bangalore,0,1,0
206,2010,Chennai,2010-03-04,Chennai Super Kings,Rajasthan Royals,Chennai Super Kings,bat,normal,0,Chennai Super Kings,23,0,M Vijay,"MA Chidambaram Stadium, Chepauk",RE Koertzen,RB Tiffin,,Chennai Super Kings,Rajasthan Royals,1,0,1
207,2010,Mumbai,2010-03-04,Mumbai Indians,Sunrisers Hyderabad,Mumbai Indians,bat,normal,0,Mumbai Indians,63,0,AT Rayudu,Brabourne Stadium,BR Doctrove,S Ravi,,Mumbai Indians,Sunrisers Hyderabad,1,0,1
208,2010,Kolkata,2010-04-04,Kolkata Knight Riders,Punjab Kings,Kolkata Knight Riders,bat,normal,0,Punjab Kings,0,8,DPMD Jayawardene,Eden Gardens,S Asnani,DJ Harper,,Kolkata Knight Riders,Punjab Kings,0,1,0
209,2010,Delhi,2010-04-04,Delhi Capitals,Royal Challengers Bangalore,Delhi Capitals,bat,normal,0,Delhi Capitals,37,0,PD Collingwood,Feroz Shah Kotla,BF Bowden,M Erasmus,,Delhi Capitals,Royal Challengers Bangalore,1,0,1
210,2010,Nagpur,2010-05-04,Rajasthan Royals,Sunrisers Hyderabad,Rajasthan Royals,bat,normal,0,Rajasthan Royals,2,0,SK Warne,"Vidarbha Cricket Association Stadium, Jamtha",HDPK Dharmasena,SJA Taufel,,Rajasthan Royals,Sunrisers Hyderabad,1,0,1
211,2010,Chennai,2010-06-04,Chennai Super Kings,Mumbai Indians,Chennai Super Kings,bat,normal,0,Chennai Super Kings,24,0,SK Raina,"MA Chidambaram Stadium, Chepauk",S Asnani,DJ Harper,,Chennai Super Kings,Mumbai Indians,1,0,1
212,2010,Jaipur,2010-07-04,Punjab Kings,Rajasthan Royals,Punjab Kings,bat,normal,0,Rajasthan Royals,0,9,MJ Lumb,Sawai Mansingh Stadium,S Ravi,SK Tarapore,,Punjab Kings,Rajasthan Royals,0,1,0
213,2010,Kolkata,2010-07-04,Kolkata Knight Riders,Delhi Capitals,Kolkata Knight Riders,bat,normal,0,Kolkata Knight Riders,14,0,SC Ganguly,Eden Gardens,BG Jerling,RE Koertzen,,Kolkata Knight Riders,Delhi Capitals,1,0,1
214,2010,Bangalore,2010-08-04,Royal Challengers Bangalore,Sunrisers Hyderabad,Sunrisers Hyderabad,field,normal,0,Sunrisers Hyderabad,0,7,TL Suman,M Chinnaswamy Stadium,S Asnani,DJ Harper,,Sunrisers Hyderabad,Royal Challengers Bangalore,1,0,1
215,2010,Mohali,2010-09-04,Mumbai Indians,Punjab Kings,Mumbai Indians,bat,normal,0,Punjab Kings,0,6,KC Sangakkara,"Punjab Cricket Association Stadium, Mohali",M Erasmus,AM Saheba,,Mumbai Indians,Punjab Kings,0,1,0
216,2010,Nagpur,2010-10-04,Chennai Super Kings,Sunrisers Hyderabad,Chennai Super Kings,bat,normal,0,Sunrisers Hyderabad,0,6,RJ Harris,"Vidarbha Cricket Association Stadium, Jamtha",HDPK Dharmasena,SJA Taufel,,Chennai Super Kings,Sunrisers Hyderabad,0,1,0
217,2010,Bangalore,2010-10-04,Kolkata Knight Riders,Royal Challengers Bangalore,Royal Challengers Bangalore,field,normal,0,Royal Challengers Bangalore,0,7,R Vinay Kumar,M Chinnaswamy Stadium,K Hariharan,DJ Harper,,Royal Challengers Bangalore,Kolkata Knight Riders,1,0,1
218,2010,Delhi,2010-11-04,Delhi Capitals,Punjab Kings,Delhi Capitals,bat,normal,0,Punjab Kings,0,7,PP Chawla,Feroz Shah Kotla,BF Bowden,AM Saheba,,Delhi Capitals,Punjab Kings,0,1,0
219,2010,Jaipur,2010-11-04,Mumbai Indians,Rajasthan Royals,Rajasthan Royals,field,normal,0,Mumbai Indians,37,0,SR Tendulkar,Sawai Mansingh Stadium,BR Doctrove,SK Tarapore,,Rajasthan Royals,Mumbai Indians,0,1,0
220,2010,Nagpur,2010-12-04,Sunrisers Hyderabad,Royal Challengers Bangalore,Royal Challengers Bangalore,field,normal,0,Sunrisers Hyderabad,13,0,Harmeet Singh,"Vidarbha Cricket Association Stadium, Jamtha",RE Koertzen,RB Tiffin,,Royal Challengers Bangalore,Sunrisers Hyderabad,0,1,0
221,2010,Mumbai,,Mumbai Indians,Delhi Capitals,Mumbai Indians,bat,normal,0,Mumbai Indians,39,0,KA Pollard,Brabourne Stadium,S Asnani,DJ Harper,,Mumbai Indians,Delhi Capitals,1,0,1
222,2010,Chennai,,Kolkata Knight Riders,Chennai Super Kings,Kolkata Knight Riders,bat,normal,0,Chennai Super Kings,0,9,R Ashwin,"MA Chidambaram Stadium, Chepauk",SS Hazare,SJA Taufel,,Kolkata Knight Riders,Chennai Super Kings,0,1,0
223,2010,Jaipur,,Rajasthan Royals,Royal Challengers Bangalore,Rajasthan Royals,bat,normal,0,Royal Challengers Bangalore,0,5,KP Pietersen,Sawai Mansingh Stadium,BR Doctrove,S Ravi,,Rajasthan Royals,Royal Challengers Bangalore,0,1,0
224,2010,Chennai,,Chennai Super Kings,Delhi Capitals,Chennai Super Kings,bat,normal,0,Delhi Capitals,0,6,G Gambhir,"MA Chidambaram Stadium, Chepauk",HDPK Dharmasena,SS Hazare,,Chennai Super Kings,Delhi Capitals,0,1,0
225,2010,Dharamsala,,Punjab Kings,Sunrisers Hyderabad,Sunrisers Hyderabad,field,normal,0,Sunrisers Hyderabad,0,5,RG Sharma,Himachal Pradesh Cricket Association Stadium,M Erasmus,AM Saheba,,Sunrisers Hyderabad,Punjab Kings,1,0,1
226,2010,Bangalore,,Mumbai Indians,Royal Challengers Bangalore,Royal Challengers Bangalore,field,normal,0,Mumbai Indians,57,0,R McLaren,M Chinnaswamy Stadium,HDPK Dharmasena,SJA Taufel,,Royal Challengers Bangalore,Mumbai Indians,0,1,0
227,2010,Kolkata,,Rajasthan Royals,Kolkata Knight Riders,Rajasthan Royals,bat,normal,0,Kolkata Knight Riders,0,8,JD Unadkat,Eden Gardens,BG Jerling,RB Tiffin,,Rajasthan Royals,Kolkata Knight Riders,0,1,0
228,2010,Dharamsala,,Punjab Kings,Chennai Super Kings,Chennai Super Kings,field,normal,0,Chennai Super Kings,0,6,MS Dhoni,Himachal Pradesh Cricket Association Stadium,BF Bowden,AM Saheba,,Chennai Super Kings,Punjab Kings,1,0,1
229,2010,Delhi,,Sunrisers Hyderabad,Delhi Capitals,Sunrisers Hyderabad,bat,normal,0,Sunrisers Hyderabad,11,0,A Symonds,Feroz Shah Kotla,BR Doctrove,SK Tarapore,,Sunrisers Hyderabad,Delhi Capitals,1,0,1
230,2010,Kolkata,,Mumbai Indians,Kolkata Knight Riders,Mumbai Indians,bat,normal,0,Kolkata Knight Riders,0,9,M Kartik,Eden Gardens,BG Jerling,RE Koertzen,,Mumbai Indians,Kolkata Knight Riders,0,1,0
231,2010,Mumbai,,Mumbai Indians,Royal Challengers Bangalore,Mumbai Indians,bat,normal,0,Mumbai Indians,35,0,KA Pollard,Dr DY Patil Sports Academy,BR Doctrove,RB Tiffin,,Mumbai Indians,Royal Challengers Bangalore,1,0,1
232,2010,Mumbai,,Chennai Super Kings,Sunrisers Hyderabad,Chennai Super Kings,bat,normal,0,Chennai Super Kings,38,0,DE Bollinger,Dr DY Patil Sports Academy,BR Doctrove,RB Tiffin,,Chennai Super Kings,Sunrisers Hyderabad,1,0,1
233,2010,Mumbai,,Sunrisers Hyderabad,Royal Challengers Bangalore,Sunrisers Hyderabad,bat,normal,0,Royal Challengers Bangalore,0,9,A Kumble,Dr DY Patil Sports Academy,RE Koertzen,SJA Taufel,,Sunrisers Hyderabad,Royal Challengers Bangalore,0,1,0
234,2010,Mumbai,,Chennai Super Kings,Mumbai Indians,Chennai Super Kings,bat,normal,0,Chennai Super Kings,22,0,SK Raina,Dr DY Patil Sports Academy,RE Koertzen,SJA Taufel,,Chennai Super Kings,Mumbai Indians,1,0,1
235,2011,Chennai,2011-08-04,Chennai Super Kings,Kolkata Knight Riders,Chennai Super Kings,bat,normal,0,Chennai Super Kings,2,0,S Anirudha,"MA Chidambaram Stadium, Chepauk",BR Doctrove,PR Reiffel,,Chennai Super Kings,Kolkata Knight Riders,1,0,1
236,2011,Hyderabad,2011-09-04,Sunrisers Hyderabad,Rajasthan Royals,Rajasthan Royals,field,normal,0,Rajasthan Royals,0,8,SK Trivedi,"Rajiv Gandhi International Stadium, Uppal",RE Koertzen,SK Tarapore,,Rajasthan Royals,Sunrisers Hyderabad,1,0,1
237,2011,Kochi,2011-09-04,Kochi Tuskers Kerala,Royal Challengers Bangalore,Kochi Tuskers Kerala,bat,normal,0,Royal Challengers Bangalore,0,6,AB de Villiers,Nehru Stadium,HDPK Dharmasena,K Hariharan,,Kochi Tuskers Kerala,Royal Challengers Bangalore,0,1,0
238,2011,Delhi,2011-10-04,Delhi Capitals,Mumbai Indians,Delhi Capitals,bat,normal,0,Mumbai Indians,0,8,SL Malinga,Feroz Shah Kotla,AM Saheba,RB Tiffin,,Delhi Capitals,Mumbai Indians,0,1,0
239,2011,Mumbai,2011-10-04,Punjab Kings,Rising Pune Supergiant,Punjab Kings,bat,normal,0,Rising Pune Supergiant,0,7,SB Wagh,Dr DY Patil Sports Academy,BR Doctrove,PR Reiffel,,Punjab Kings,Rising Pune Supergiant,0,1,0
240,2011,Kolkata,2011-11-04,Kolkata Knight Riders,Sunrisers Hyderabad,Kolkata Knight Riders,bat,normal,0,Kolkata Knight Riders,9,0,JH Kallis,Eden Gardens,RE Koertzen,SK Tarapore,,Kolkata Knight Riders,Sunrisers Hyderabad,1,0,1
241,2011,Jaipur,2011-12-04,Delhi Capitals,Rajasthan Royals,Delhi Capitals,bat,normal,0,Rajasthan Royals,0,6,SK Warne,Sawai Mansingh Stadium,Aleem Dar,RB Tiffin,,Delhi Capitals,Rajasthan Royals,0,1,0
242,2011,Bangalore,2011-12-04,Royal Challengers Bangalore,Mumbai Indians,Mumbai Indians,field,normal,0,Mumbai Indians,0,9,SR Tendulkar,M Chinnaswamy Stadium,HDPK Dharmasena,AL Hill,,Mumbai Indians,Royal Challengers Bangalore,1,0,1
243,2011,Mohali,,Chennai Super Kings,Punjab Kings,Punjab Kings,field,normal,0,Punjab Kings,0,6,PC Valthaty,"Punjab Cricket Association Stadium, Mohali",Asad Rauf,SL Shastri,,Punjab Kings,Chennai Super Kings,1,0,1
244,2011,Mumbai,,Kochi Tuskers Kerala,Rising Pune Supergiant,Kochi Tuskers Kerala,bat,normal,0,Rising Pune Supergiant,0,4,MD Mishra,Dr DY Patil Sports Academy,S Asnani,PR Reiffel,,Kochi Tuskers Kerala,Rising Pune Supergiant,0,1,0
245,2011,Hyderabad,,Sunrisers Hyderabad,Royal Challengers Bangalore,Royal Challengers Bangalore,field,normal,0,Sunrisers Hyderabad,33,0,DW Steyn,"Rajiv Gandhi International Stadium, Uppal",RE Koertzen,S Ravi,,Royal Challengers Bangalore,Sunrisers Hyderabad,0,1,0
246,2011,Jaipur,,Rajasthan Royals,Kolkata Knight Riders,Kolkata Knight Riders,field,normal,0,Kolkata Knight Riders,0,9,G Gambhir,Sawai Mansingh Stadium,Aleem Dar,SS Hazare,,Kolkata Knight Riders,Rajasthan Royals,1,0,1
247,2011,Mumbai,,Mumbai Indians,Kochi Tuskers Kerala,Kochi Tuskers Kerala,field,normal,0,Kochi Tuskers Kerala,0,8,BB McCullum,Wankhede Stadium,BR Doctrove,PR Reiffel,,Kochi Tuskers Kerala,Mumbai Indians,1,0,1
248,2011,Chennai,,Chennai Super Kings,Royal Challengers Bangalore,Chennai Super Kings,bat,normal,0,Chennai Super Kings,21,0,MEK Hussey,"MA Chidambaram Stadium, Chepauk",HDPK Dharmasena,AL Hill,,Chennai Super Kings,Royal Challengers Bangalore,1,0,1
249,2011,Hyderabad,,Sunrisers Hyderabad,Punjab Kings,Punjab Kings,field,normal,0,Punjab Kings,0,8,PC Valthaty,"Rajiv Gandhi International Stadium, Uppal",RE Koertzen,S Ravi,,Punjab Kings,Sunrisers Hyderabad,1,0,1
250,2011,Mumbai,,Rising Pune Supergiant,Delhi Capitals,Delhi Capitals,field,normal,0,Delhi Capitals,0,3,Yuvraj Singh,Dr DY Patil Sports Academy,Asad Rauf,AM Saheba,,Delhi Capitals,Rising Pune Supergiant,1,0,1
251,2011,Kolkata,,Rajasthan Royals,Kolkata Knight Riders,Kolkata Knight Riders,field,normal,0,Kolkata Knight Riders,0,8,L Balaji,Eden Gardens,Aleem Dar,RB Tiffin,,Kolkata Knight Riders,Rajasthan Royals,1,0,1
252,2011,Kochi,,Chennai Super Kings,Kochi Tuskers Kerala,Kochi Tuskers Kerala,field,normal,1,Kochi Tuskers Kerala,0,7,BB McCullum,Nehru Stadium,K Hariharan,AL Hill,,Kochi Tuskers Kerala,Chennai Super Kings,1,0,1
253,2011,Delhi,,Sunrisers Hyderabad,Delhi Capitals,Sunrisers Hyderabad,bat,normal,0,Sunrisers Hyderabad,16,0,S Sohal,Feroz Shah Kotla,PR Reiffel,RJ Tucker,,Sunrisers Hyderabad,Delhi Capitals,1,0,1
254,2011,Mumbai,,Rising Pune Supergiant,Mumbai Indians,Rising Pune Supergiant,bat,normal,0,Mumbai Indians,0,7,MM Patel,Wankhede Stadium,Asad Rauf,AM Saheba,,Rising Pune Supergiant,Mumbai Indians,0,1,0
255,2011,Kolkata,,Kochi Tuskers Kerala,Kolkata Knight Riders,Kolkata Knight Riders,field,normal,0,Kochi Tuskers Kerala,6,0,DPMD Jayawardene,Eden Gardens,Aleem Dar,RB Tiffin,,Kolkata Knight Riders,Kochi Tuskers Kerala,0,1,0
256,2011,Mohali,,Punjab Kings,Rajasthan Royals,Rajasthan Royals,field,normal,0,Punjab Kings,48,0,SE Marsh,"Punjab Cricket Association Stadium, Mohali",S Asnani,PR Reiffel,,Rajasthan Royals,Punjab Kings,0,1,0
257,2011,Mumbai,,Mumbai Indians,Chennai Super Kings,Chennai Super Kings,field,normal,0,Mumbai Indians,8,0,Harbhajan Singh,Wankhede Stadium,Asad Rauf,AM Saheba,,Chennai Super Kings,Mumbai Indians,0,1,0
258,2011,Kolkata,,Kolkata Knight Riders,Royal Challengers Bangalore,Royal Challengers Bangalore,field,normal,0,Royal Challengers Bangalore,0,9,CH Gayle,Eden Gardens,SS Hazare,RB Tiffin,,Royal Challengers Bangalore,Kolkata Knight Riders,1,0,1
259,2011,Delhi,,Delhi Capitals,Punjab Kings,Punjab Kings,field,normal,0,Delhi Capitals,29,0,DA Warner,Feroz Shah Kotla,S Asnani,RE Koertzen,,Punjab Kings,Delhi Capitals,0,1,0
260,2011,Hyderabad,,Mumbai Indians,Sunrisers Hyderabad,Sunrisers Hyderabad,field,normal,0,Mumbai Indians,37,0,SL Malinga,"Rajiv Gandhi International Stadium, Uppal",HDPK Dharmasena,AL Hill,,Sunrisers Hyderabad,Mumbai Indians,0,1,0
261,2011,Jaipur,,Kochi Tuskers Kerala,Rajasthan Royals,Rajasthan Royals,field,normal,0,Rajasthan Royals,0,8,SK Warne,Sawai Mansingh Stadium,BR Doctrove,SK Tarapore,,Rajasthan Royals,Kochi Tuskers Kerala,1,0,1
262,2011,Chennai,,Chennai Super Kings,Rising Pune Supergiant,Rising Pune Supergiant,field,normal,0,Chennai Super Kings,25,0,MEK Hussey,"MA Chidambaram Stadium, Chepauk",Aleem Dar,RB Tiffin,,Rising Pune Supergiant,Chennai Super Kings,0,1,0
263,2011,Delhi,,Delhi Capitals,Royal Challengers Bangalore,Royal Challengers Bangalore,field,normal,0,Royal Challengers Bangalore,0,3,V Kohli,Feroz Shah Kotla,S Asnani,RJ Tucker,,Royal Challengers Bangalore,Delhi Capitals,1,0,1
264,2011,Mumbai,,Rising Pune Supergiant,Chennai Super Kings,Rising Pune Supergiant,bat,normal,0,Chennai Super Kings,0,8,DE Bollinger,Dr DY Patil Sports Academy,Asad Rauf,SL Shastri,,Rising Pune Supergiant,Chennai Super Kings,0,1,0
265,2011,Kochi,,Sunrisers Hyderabad,Kochi Tuskers Kerala,Kochi Tuskers Kerala,field,normal,0,Sunrisers Hyderabad,55,0,I Sharma,Nehru Stadium,HDPK Dharmasena,AL Hill,,Kochi Tuskers Kerala,Sunrisers Hyderabad,0,1,0
266,2011,Delhi,,Kolkata Knight Riders,Delhi Capitals,Delhi Capitals,field,normal,0,Kolkata Knight Riders,17,0,MK Tiwary,Feroz Shah Kotla,PR Reiffel,RJ Tucker,,Delhi Capitals,Kolkata Knight Riders,0,1,0
267,2011,Jaipur,,Mumbai Indians,Rajasthan Royals,Rajasthan Royals,field,normal,0,Rajasthan Royals,0,7,J Botha,Sawai Mansingh Stadium,Asad Rauf,SK Tarapore,,Rajasthan Royals,Mumbai Indians,1,0,1
268,2011,Bangalore,,Royal Challengers Bangalore,Rising Pune Supergiant,Rising Pune Supergiant,field,normal,0,Royal Challengers Bangalore,26,0,V Kohli,M Chinnaswamy Stadium,Aleem Dar,SS Hazare,,Rising Pune Supergiant,Royal Challengers Bangalore,0,1,0
269,2011,Kochi,,Delhi Capitals,Kochi Tuskers Kerala,Delhi Capitals,bat,normal,0,Delhi Capitals,38,0,V Sehwag,Nehru Stadium,HDPK Dharmasena,AL Hill,,Delhi Capitals,Kochi Tuskers Kerala,1,0,1
270,2011,Kolkata,,Punjab Kings,Kolkata Knight Riders,Kolkata Knight Riders,field,normal,0,Kolkata Knight Riders,0,8,Iqbal Abdulla,Eden Gardens,AM Saheba,SL Shastri,,Kolkata Knight Riders,Punjab Kings,1,0,1
271,2011,Jaipur,2011-01-05,Rising Pune Supergiant,Rajasthan Royals,Rajasthan Royals,field,normal,0,Rajasthan Royals,0,6,LRPL Taylor,Sawai Mansingh Stadium,SK Tarapore,SJA Taufel,,Rajasthan Royals,Rising Pune Supergiant,1,0,1
272,2011,Chennai,2011-01-05,Chennai Super Kings,Sunrisers Hyderabad,Chennai Super Kings,bat,normal,0,Chennai Super Kings,19,0,JA Morkel,"MA Chidambaram Stadium, Chepauk",Aleem Dar,RB Tiffin,,Chennai Super Kings,Sunrisers Hyderabad,1,0,1
273,2011,Mumbai,2011-02-05,Mumbai Indians,Punjab Kings,Punjab Kings,field,normal,0,Mumbai Indians,23,0,KA Pollard,Wankhede Stadium,HDPK Dharmasena,PR Reiffel,,Punjab Kings,Mumbai Indians,0,1,0
274,2011,Delhi,2011-02-05,Delhi Capitals,Kochi Tuskers Kerala,Kochi Tuskers Kerala,field,normal,0,Kochi Tuskers Kerala,0,7,P Parameswaran,Feroz Shah Kotla,Asad Rauf,SL Shastri,,Kochi Tuskers Kerala,Delhi Capitals,1,0,1
275,2011,Hyderabad,2011-03-05,Kolkata Knight Riders,Sunrisers Hyderabad,Sunrisers Hyderabad,field,normal,0,Kolkata Knight Riders,20,0,YK Pathan,"Rajiv Gandhi International Stadium, Uppal",S Asnani,RJ Tucker,,Sunrisers Hyderabad,Kolkata Knight Riders,0,1,0
276,2011,Chennai,2011-04-05,Rajasthan Royals,Chennai Super Kings,Rajasthan Royals,bat,normal,0,Chennai Super Kings,0,8,MEK Hussey,"MA Chidambaram Stadium, Chepauk",SS Hazare,RB Tiffin,,Rajasthan Royals,Chennai Super Kings,0,1,0
277,2011,Mumbai,2011-04-05,Mumbai Indians,Rising Pune Supergiant,Rising Pune Supergiant,field,normal,0,Mumbai Indians,21,0,R Sharma,Dr DY Patil Sports Academy,HDPK Dharmasena,SJA Taufel,,Rising Pune Supergiant,Mumbai Indians,0,1,0
278,2011,Kochi,2011-05-05,Kochi Tuskers Kerala,Kolkata Knight Riders,Kolkata Knight Riders,field,normal,0,Kochi Tuskers Kerala,17,0,BJ Hodge,Nehru Stadium,S Ravi,RJ Tucker,,Kolkata Knight Riders,Kochi Tuskers Kerala,0,1,0
279,2011,Hyderabad,2011-05-05,Sunrisers Hyderabad,Delhi Capitals,Delhi Capitals,field,normal,0,Delhi Capitals,0,4,V Sehwag,"Rajiv Gandhi International Stadium, Uppal",Asad Rauf,AM Saheba,,Delhi Capitals,Sunrisers Hyderabad,1,0,1
280,2011,Bangalore,2011-06-05,Royal Challengers Bangalore,Punjab Kings,Punjab Kings,field,normal,0,Royal Challengers Bangalore,85,0,CH Gayle,M Chinnaswamy Stadium,Aleem Dar,RB Tiffin,,Punjab Kings,Royal Challengers Bangalore,0,1,0
281,2011,Kolkata,2011-07-05,Chennai Super Kings,Kolkata Knight Riders,Chennai Super Kings,bat,normal,1,Kolkata Knight Riders,10,0,Iqbal Abdulla,Eden Gardens,Asad Rauf,PR Reiffel,,Chennai Super Kings,Kolkata Knight Riders,0,1,0
282,2011,Mumbai,2011-07-05,Mumbai Indians,Delhi Capitals,Delhi Capitals,field,normal,0,Mumbai Indians,32,0,AT Rayudu,Wankhede Stadium,K Hariharan,SJA Taufel,,Delhi Capitals,Mumbai Indians,0,1,0
283,2011,Bangalore,2011-08-05,Kochi Tuskers Kerala,Royal Challengers Bangalore,Kochi Tuskers Kerala,bat,normal,0,Royal Challengers Bangalore,0,9,CH Gayle,M Chinnaswamy Stadium,Aleem Dar,SS Hazare,,Kochi Tuskers Kerala,Royal Challengers Bangalore,0,1,0
284,2011,Mohali,2011-08-05,Punjab Kings,Rising Pune Supergiant,Punjab Kings,bat,normal,0,Rising Pune Supergiant,0,5,R Sharma,"Punjab Cricket Association Stadium, Mohali",SK Tarapore,RJ Tucker,,Punjab Kings,Rising Pune Supergiant,0,1,0
285,2011,Jaipur,2011-09-05,Chennai Super Kings,Rajasthan Royals,Rajasthan Royals,field,normal,0,Chennai Super Kings,63,0,M Vijay,Sawai Mansingh Stadium,K Hariharan,SJA Taufel,,Rajasthan Royals,Chennai Super Kings,0,1,0
286,2011,Hyderabad,2011-10-05,Sunrisers Hyderabad,Rising Pune Supergiant,Sunrisers Hyderabad,bat,normal,0,Rising Pune Supergiant,0,6,MR Marsh,"Rajiv Gandhi International Stadium, Uppal",Asad Rauf,AM Saheba,,Sunrisers Hyderabad,Rising Pune Supergiant,0,1,0
287,2011,Mohali,2011-10-05,Punjab Kings,Mumbai Indians,Mumbai Indians,field,normal,0,Punjab Kings,76,0,BA Bhatt,"Punjab Cricket Association Stadium, Mohali",SK Tarapore,RJ Tucker,,Mumbai Indians,Punjab Kings,0,1,0
288,2011,Jaipur,2011-11-05,Rajasthan Royals,Royal Challengers Bangalore,Royal Challengers Bangalore,field,normal,0,Royal Challengers Bangalore,0,9,S Aravind,Sawai Mansingh Stadium,HDPK Dharmasena,K Hariharan,,Royal Challengers Bangalore,Rajasthan Royals,1,0,1
289,2011,Chennai,2011-12-05,Chennai Super Kings,Delhi Capitals,Chennai Super Kings,bat,normal,0,Chennai Super Kings,18,0,MS Dhoni,"MA Chidambaram Stadium, Chepauk",AM Saheba,SL Shastri,,Chennai Super Kings,Delhi Capitals,1,0,1
290,2011,Indore,,Kochi Tuskers Kerala,Punjab Kings,Punjab Kings,field,normal,0,Punjab Kings,0,6,KD Karthik,Holkar Cricket Stadium,S Asnani,RJ Tucker,,Punjab Kings,Kochi Tuskers Kerala,1,0,1
291,2011,Bangalore,,Kolkata Knight Riders,Royal Challengers Bangalore,Royal Challengers Bangalore,field,normal,1,Royal Challengers Bangalore,0,4,CH Gayle,M Chinnaswamy Stadium,RE Koertzen,RB Tiffin,,Royal Challengers Bangalore,Kolkata Knight Riders,1,0,1
292,2011,Mumbai,,Sunrisers Hyderabad,Mumbai Indians,Sunrisers Hyderabad,bat,normal,0,Sunrisers Hyderabad,10,0,A Mishra,Wankhede Stadium,S Ravi,SK Tarapore,,Sunrisers Hyderabad,Mumbai Indians,1,0,1
293,2011,Dharamsala,,Punjab Kings,Delhi Capitals,Delhi Capitals,field,normal,0,Punjab Kings,29,0,PP Chawla,Himachal Pradesh Cricket Association Stadium,Asad Rauf,SL Shastri,,Delhi Capitals,Punjab Kings,0,1,0
294,2011,Indore,,Rajasthan Royals,Kochi Tuskers Kerala,Kochi Tuskers Kerala,field,normal,0,Kochi Tuskers Kerala,0,8,BJ Hodge,Holkar Cricket Stadium,PR Reiffel,RJ Tucker,,Kochi Tuskers Kerala,Rajasthan Royals,1,0,1
295,2011,Mumbai,,Rising Pune Supergiant,Sunrisers Hyderabad,Sunrisers Hyderabad,field,normal,0,Sunrisers Hyderabad,0,6,A Mishra,Dr DY Patil Sports Academy,S Ravi,SK Tarapore,,Sunrisers Hyderabad,Rising Pune Supergiant,1,0,1
296,2011,Dharamsala,,Punjab Kings,Royal Challengers Bangalore,Punjab Kings,bat,normal,0,Punjab Kings,111,0,AC Gilchrist,Himachal Pradesh Cricket Association Stadium,Asad Rauf,AM Saheba,,Punjab Kings,Royal Challengers Bangalore,1,0,1
297,2011,Chennai,,Chennai Super Kings,Kochi Tuskers Kerala,Chennai Super Kings,bat,normal,0,Chennai Super Kings,11,0,WP Saha,"MA Chidambaram Stadium, Chepauk",HDPK Dharmasena,RE Koertzen,,Chennai Super Kings,Kochi Tuskers Kerala,1,0,1
298,2011,Mumbai,,Rising Pune Supergiant,Kolkata Knight Riders,Kolkata Knight Riders,field,normal,0,Kolkata Knight Riders,0,7,YK Pathan,Dr DY Patil Sports Academy,S Ravi,SJA Taufel,,Kolkata Knight Riders,Rising Pune Supergiant,1,0,1
299,2011,Mumbai,,Mumbai Indians,Rajasthan Royals,Mumbai Indians,bat,normal,0,Rajasthan Royals,0,10,SR Watson,Wankhede Stadium,RE Koertzen,PR Reiffel,,Mumbai Indians,Rajasthan Royals,0,1,0
300,2011,Dharamsala,,Sunrisers Hyderabad,Punjab Kings,Punjab Kings,field,normal,0,Sunrisers Hyderabad,82,0,S Dhawan,Himachal Pradesh Cricket Association Stadium,Asad Rauf,AM Saheba,,Punjab Kings,Sunrisers Hyderabad,0,1,0
301,2011,Delhi,,Delhi Capitals,Rising Pune Supergiant,Delhi Capitals,bat,no result,0,No Result,0,0,Not Awarded,Feroz Shah Kotla,SS Hazare,RJ Tucker,,Delhi Capitals,Rising Pune Supergiant,0,0,0
302,2011,Bangalore,,Chennai Super Kings,Royal Challengers Bangalore,Royal Challengers Bangalore,field,normal,0,Royal Challengers Bangalore,0,8,CH Gayle,M Chinnaswamy Stadium,K Hariharan,RE Koertzen,,Royal Challengers Bangalore,Chennai Super Kings,1,0,1
303,2011,Kolkata,,Kolkata Knight Riders,Mumbai Indians,Mumbai Indians,field,normal,0,Mumbai Indians,0,5,JEC Franklin,Eden Gardens,SK Tarapore,SJA Taufel,,Mumbai Indians,Kolkata Knight Riders,1,0,1
304,2011,Mumbai,,Royal Challengers Bangalore,Chennai Super Kings,Chennai Super Kings,field,normal,0,Chennai Super Kings,0,6,SK Raina,Wankhede Stadium,Asad Rauf,SJA Taufel,,Chennai Super Kings,Royal Challengers Bangalore,1,0,1
305,2011,Mumbai,,Kolkata Knight Riders,Mumbai Indians,Mumbai Indians,field,normal,0,Mumbai Indians,0,4,MM Patel,Wankhede Stadium,Asad Rauf,SJA Taufel,,Mumbai Indians,Kolkata Knight Riders,1,0,1
306,2011,Chennai,,Royal Challengers Bangalore,Mumbai Indians,Mumbai Indians,field,normal,0,Royal Challengers Bangalore,43,0,CH Gayle,"MA Chidambaram Stadium, Chepauk",Asad Rauf,SJA Taufel,,Mumbai Indians,Royal Challengers Bangalore,0,1,0
307,2011,Chennai,,Chennai Super Kings,Royal Challengers Bangalore,Chennai Super Kings,bat,normal,0,Chennai Super Kings,58,0,M Vijay,"MA Chidambaram Stadium, Chepauk",Asad Rauf,SJA Taufel,,Chennai Super Kings,Royal Challengers Bangalore,1,0,1
308,2012,Chennai,2012-04-04,Chennai Super Kings,Mumbai Indians,Mumbai Indians,field,normal,0,Mumbai Indians,0,8,RE Levi,"MA Chidambaram Stadium, Chepauk",JD Cloete,SJA Taufel,,Mumbai Indians,Chennai Super Kings,1,0,1
309,2012,Kolkata,2012-05-04,Kolkata Knight Riders,Delhi Capitals,Delhi Capitals,field,normal,0,Delhi Capitals,0,8,IK Pathan,Eden Gardens,S Asnani,HDPK Dharmasena,,Delhi Capitals,Kolkata Knight Riders,1,0,1
310,2012,Mumbai,2012-06-04,Rising Pune Supergiant,Mumbai Indians,Mumbai Indians,field,normal,0,Rising Pune Supergiant,28,0,SPD Smith,Wankhede Stadium,AK Chaudhary,SJA Taufel,,Mumbai Indians,Rising Pune Supergiant,0,1,0
311,2012,Jaipur,2012-06-04,Rajasthan Royals,Punjab Kings,Punjab Kings,field,normal,0,Rajasthan Royals,31,0,AM Rahane,Sawai Mansingh Stadium,BF Bowden,SK Tarapore,,Punjab Kings,Rajasthan Royals,0,1,0
312,2012,Bangalore,2012-07-04,Royal Challengers Bangalore,Delhi Capitals,Delhi Capitals,field,normal,0,Royal Challengers Bangalore,20,0,AB de Villiers,M Chinnaswamy Stadium,S Asnani,S Ravi,,Delhi Capitals,Royal Challengers Bangalore,0,1,0
313,2012,Visakhapatnam,2012-07-04,Chennai Super Kings,Sunrisers Hyderabad,Sunrisers Hyderabad,field,normal,0,Chennai Super Kings,74,0,RA Jadeja,Dr. Y.S. Rajasekhara Reddy ACA-VDCA Cricket Stadium,JD Cloete,HDPK Dharmasena,,Sunrisers Hyderabad,Chennai Super Kings,0,1,0
314,2012,Jaipur,2012-08-04,Rajasthan Royals,Kolkata Knight Riders,Kolkata Knight Riders,field,normal,0,Rajasthan Royals,22,0,BJ Hodge,Sawai Mansingh Stadium,BF Bowden,VA Kulkarni,,Kolkata Knight Riders,Rajasthan Royals,0,1,0
315,2012,Pune,2012-08-04,Rising Pune Supergiant,Punjab Kings,Rising Pune Supergiant,bat,normal,0,Rising Pune Supergiant,22,0,MN Samuels,Subrata Roy Sahara Stadium,S Das,SJA Taufel,,Rising Pune Supergiant,Punjab Kings,1,0,1
316,2012,Visakhapatnam,2012-09-04,Sunrisers Hyderabad,Mumbai Indians,Sunrisers Hyderabad,bat,normal,0,Mumbai Indians,0,5,RG Sharma,Dr. Y.S. Rajasekhara Reddy ACA-VDCA Cricket Stadium,AK Chaudhary,JD Cloete,,Sunrisers Hyderabad,Mumbai Indians,0,1,0
317,2012,Bangalore,2012-10-04,Kolkata Knight Riders,Royal Challengers Bangalore,Royal Challengers Bangalore,field,normal,0,Kolkata Knight Riders,42,0,L Balaji,M Chinnaswamy Stadium,S Ravi,RJ Tucker,,Royal Challengers Bangalore,Kolkata Knight Riders,0,1,0
318,2012,Delhi,2012-10-04,Chennai Super Kings,Delhi Capitals,Delhi Capitals,field,normal,0,Delhi Capitals,0,8,M Morkel,Feroz Shah Kotla,Asad Rauf,SK Tarapore,,Delhi Capitals,Chennai Super Kings,1,0,1
319,2012,Mumbai,2012-11-04,Mumbai Indians,Rajasthan Royals,Rajasthan Royals,field,normal,0,Mumbai Indians,27,0,KA Pollard,Wankhede Stadium,Aleem Dar,BNJ Oxenford,,Rajasthan Royals,Mumbai Indians,0,1,0
320,2012,Chennai,2012-12-04,Royal Challengers Bangalore,Chennai Super Kings,Royal Challengers Bangalore,bat,normal,0,Chennai Super Kings,0,5,F du Plessis,"MA Chidambaram Stadium, Chepauk",HDPK Dharmasena,RJ Tucker,,Royal Challengers Bangalore,Chennai Super Kings,0,1,0
321,2012,Mohali,2012-12-04,Rising Pune Supergiant,Punjab Kings,Punjab Kings,field,normal,0,Punjab Kings,0,7,AD Mascarenhas,"Punjab Cricket Association Stadium, Mohali",VA Kulkarni,SK Tarapore,,Punjab Kings,Rising Pune Supergiant,1,0,1
322,2012,Kolkata,,Rajasthan Royals,Kolkata Knight Riders,Rajasthan Royals,bat,normal,0,Kolkata Knight Riders,0,5,Shakib Al Hasan,Eden Gardens,Asad Rauf,S Asnani,,Rajasthan Royals,Kolkata Knight Riders,0,1,0
323,2012,Delhi,,Sunrisers Hyderabad,Delhi Capitals,Sunrisers Hyderabad,bat,normal,0,Delhi Capitals,0,5,KP Pietersen,Feroz Shah Kotla,BF Bowden,SK Tarapore,,Sunrisers Hyderabad,Delhi Capitals,0,1,0
324,2012,Pune,,Chennai Super Kings,Rising Pune Supergiant,Chennai Super Kings,bat,normal,0,Rising Pune Supergiant,0,7,JD Ryder,Subrata Roy Sahara Stadium,Aleem Dar,BNJ Oxenford,,Chennai Super Kings,Rising Pune Supergiant,0,1,0
325,2012,Kolkata,,Punjab Kings,Kolkata Knight Riders,Kolkata Knight Riders,field,normal,0,Punjab Kings,2,0,SP Narine,Eden Gardens,Asad Rauf,S Asnani,,Kolkata Knight Riders,Punjab Kings,0,1,0
326,2012,Bangalore,,Rajasthan Royals,Royal Challengers Bangalore,Rajasthan Royals,bat,normal,0,Rajasthan Royals,59,0,AM Rahane,M Chinnaswamy Stadium,JD Cloete,RJ Tucker,,Rajasthan Royals,Royal Challengers Bangalore,1,0,1
327,2012,Mumbai,,Mumbai Indians,Delhi Capitals,Delhi Capitals,field,normal,0,Delhi Capitals,0,7,S Nadeem,Wankhede Stadium,BF Bowden,SK Tarapore,,Delhi Capitals,Mumbai Indians,1,0,1
328,2012,Jaipur,,Sunrisers Hyderabad,Rajasthan Royals,Sunrisers Hyderabad,bat,normal,0,Rajasthan Royals,0,5,BJ Hodge,Sawai Mansingh Stadium,Aleem Dar,BNJ Oxenford,,Sunrisers Hyderabad,Rajasthan Royals,0,1,0
329,2012,Bangalore,,Rising Pune Supergiant,Royal Challengers Bangalore,Rising Pune Supergiant,bat,normal,0,Royal Challengers Bangalore,0,6,CH Gayle,M Chinnaswamy Stadium,S Asnani,S Das,,Rising Pune Supergiant,Royal Challengers Bangalore,0,1,0
330,2012,Mohali,,Punjab Kings,Kolkata Knight Riders,Punjab Kings,bat,normal,0,Kolkata Knight Riders,0,8,G Gambhir,"Punjab Cricket Association Stadium, Mohali",JD Cloete,RJ Tucker,,Punjab Kings,Kolkata Knight Riders,0,1,0
331,2012,Hyderabad,2012-10-05,Sunrisers Hyderabad,Delhi Capitals,Sunrisers Hyderabad,bat,normal,0,Delhi Capitals,0,9,DA Warner,"Rajiv Gandhi International Stadium, Uppal",JD Cloete,SJA Taufel,,Sunrisers Hyderabad,Delhi Capitals,0,1,0
332,2012,Chennai,,Chennai Super Kings,Rising Pune Supergiant,Rising Pune Supergiant,field,normal,0,Chennai Super Kings,13,0,KMDN Kulasekara,"MA Chidambaram Stadium, Chepauk",Asad Rauf,S Das,,Rising Pune Supergiant,Chennai Super Kings,0,1,0
333,2012,Mohali,,Punjab Kings,Royal Challengers Bangalore,Royal Challengers Bangalore,field,normal,0,Royal Challengers Bangalore,0,5,CH Gayle,"Punjab Cricket Association Stadium, Mohali",S Ravi,RJ Tucker,,Royal Challengers Bangalore,Punjab Kings,1,0,1
334,2012,Chennai,,Rajasthan Royals,Chennai Super Kings,Rajasthan Royals,bat,normal,0,Chennai Super Kings,0,7,F du Plessis,"MA Chidambaram Stadium, Chepauk",Aleem Dar,BNJ Oxenford,,Rajasthan Royals,Chennai Super Kings,0,1,0
335,2012,Delhi,,Rising Pune Supergiant,Delhi Capitals,Delhi Capitals,field,normal,0,Rising Pune Supergiant,20,0,SC Ganguly,Feroz Shah Kotla,Asad Rauf,S Das,,Delhi Capitals,Rising Pune Supergiant,0,1,0
336,2012,Mumbai,,Mumbai Indians,Punjab Kings,Mumbai Indians,bat,normal,0,Punjab Kings,0,6,SE Marsh,Wankhede Stadium,S Ravi,RJ Tucker,,Mumbai Indians,Punjab Kings,0,1,0
337,2012,Cuttack,,Sunrisers Hyderabad,Kolkata Knight Riders,Kolkata Knight Riders,field,normal,0,Kolkata Knight Riders,0,5,B Lee,Barabati Stadium,BF Bowden,SK Tarapore,,Kolkata Knight Riders,Sunrisers Hyderabad,1,0,1
338,2012,Jaipur,,Royal Challengers Bangalore,Rajasthan Royals,Rajasthan Royals,field,normal,0,Royal Challengers Bangalore,46,0,AB de Villiers,Sawai Mansingh Stadium,Asad Rauf,S Asnani,,Rajasthan Royals,Royal Challengers Bangalore,0,1,0
339,2012,Pune,,Rising Pune Supergiant,Delhi Capitals,Rising Pune Supergiant,bat,normal,0,Delhi Capitals,0,8,V Sehwag,Subrata Roy Sahara Stadium,S Ravi,RJ Tucker,,Rising Pune Supergiant,Delhi Capitals,0,1,0
340,2012,Mohali,,Punjab Kings,Mumbai Indians,Punjab Kings,bat,normal,0,Mumbai Indians,0,4,AT Rayudu,"Punjab Cricket Association Stadium, Mohali",Aleem Dar,BNJ Oxenford,,Punjab Kings,Mumbai Indians,0,1,0
341,2012,Pune,,Sunrisers Hyderabad,Rising Pune Supergiant,Sunrisers Hyderabad,bat,normal,0,Sunrisers Hyderabad,18,0,CL White,Subrata Roy Sahara Stadium,S Ravi,RJ Tucker,,Sunrisers Hyderabad,Rising Pune Supergiant,1,0,1
342,2012,Delhi,,Delhi Capitals,Mumbai Indians,Mumbai Indians,field,normal,0,Delhi Capitals,37,0,V Sehwag,Feroz Shah Kotla,Aleem Dar,BNJ Oxenford,,Mumbai Indians,Delhi Capitals,0,1,0
343,2012,Chennai,,Punjab Kings,Chennai Super Kings,Punjab Kings,bat,normal,0,Punjab Kings,7,0,Mandeep Singh,"MA Chidambaram Stadium, Chepauk",BF Bowden,SK Tarapore,,Punjab Kings,Chennai Super Kings,1,0,1
344,2012,Kolkata,,Kolkata Knight Riders,Royal Challengers Bangalore,Kolkata Knight Riders,bat,normal,0,Kolkata Knight Riders,47,0,G Gambhir,Eden Gardens,Asad Rauf,BR Doctrove,,Kolkata Knight Riders,Royal Challengers Bangalore,1,0,1
345,2012,Delhi,,Delhi Capitals,Rajasthan Royals,Delhi Capitals,bat,normal,0,Delhi Capitals,1,0,V Sehwag,Feroz Shah Kotla,S Ravi,RJ Tucker,,Delhi Capitals,Rajasthan Royals,1,0,1
346,2012,Mumbai,,Sunrisers Hyderabad,Mumbai Indians,Mumbai Indians,field,normal,0,Mumbai Indians,0,5,DW Steyn,Wankhede Stadium,AK Chaudhary,BNJ Oxenford,,Mumbai Indians,Sunrisers Hyderabad,1,0,1
347,2012,Chennai,,Chennai Super Kings,Kolkata Knight Riders,Chennai Super Kings,bat,normal,0,Kolkata Knight Riders,0,5,G Gambhir,"MA Chidambaram Stadium, Chepauk",BF Bowden,C Shamshuddin,,Chennai Super Kings,Kolkata Knight Riders,0,1,0
348,2012,Cuttack,2012-01-05,Sunrisers Hyderabad,Rising Pune Supergiant,Sunrisers Hyderabad,bat,normal,0,Sunrisers Hyderabad,13,0,KC Sangakkara,Barabati Stadium,Aleem Dar,AK Chaudhary,,Sunrisers Hyderabad,Rising Pune Supergiant,1,0,1
349,2012,Jaipur,2012-01-05,Rajasthan Royals,Delhi Capitals,Rajasthan Royals,bat,normal,0,Delhi Capitals,0,6,P Negi,Sawai Mansingh Stadium,JD Cloete,SJA Taufel,,Rajasthan Royals,Delhi Capitals,0,1,0
350,2012,Bangalore,2012-02-05,Royal Challengers Bangalore,Punjab Kings,Punjab Kings,field,normal,0,Punjab Kings,0,4,Azhar Mahmood,M Chinnaswamy Stadium,BF Bowden,C Shamshuddin,,Punjab Kings,Royal Challengers Bangalore,1,0,1
351,2012,Pune,2012-03-05,Mumbai Indians,Rising Pune Supergiant,Mumbai Indians,bat,normal,0,Mumbai Indians,1,0,SL Malinga,Subrata Roy Sahara Stadium,Asad Rauf,S Asnani,,Mumbai Indians,Rising Pune Supergiant,1,0,1
352,2012,Chennai,2012-04-05,Chennai Super Kings,Sunrisers Hyderabad,Chennai Super Kings,bat,normal,0,Chennai Super Kings,10,0,SK Raina,"MA Chidambaram Stadium, Chepauk",HDPK Dharmasena,BNJ Oxenford,,Chennai Super Kings,Sunrisers Hyderabad,1,0,1
353,2012,Kolkata,2012-05-05,Kolkata Knight Riders,Rising Pune Supergiant,Kolkata Knight Riders,bat,normal,0,Kolkata Knight Riders,7,0,SP Narine,Eden Gardens,BF Bowden,SK Tarapore,,Kolkata Knight Riders,Rising Pune Supergiant,1,0,1
354,2012,Mohali,2012-05-05,Rajasthan Royals,Punjab Kings,Rajasthan Royals,bat,normal,0,Rajasthan Royals,43,0,SR Watson,"Punjab Cricket Association Stadium, Mohali",JD Cloete,SJA Taufel,,Rajasthan Royals,Punjab Kings,1,0,1
355,2012,Mumbai,2012-06-05,Chennai Super Kings,Mumbai Indians,Mumbai Indians,field,normal,0,Mumbai Indians,0,2,DR Smith,Wankhede Stadium,Asad Rauf,S Asnani,,Mumbai Indians,Chennai Super Kings,1,0,1
356,2012,Bangalore,2012-06-05,Sunrisers Hyderabad,Royal Challengers Bangalore,Royal Challengers Bangalore,field,normal,0,Royal Challengers Bangalore,0,5,AB de Villiers,M Chinnaswamy Stadium,HDPK Dharmasena,BNJ Oxenford,,Royal Challengers Bangalore,Sunrisers Hyderabad,1,0,1
357,2012,Delhi,2012-07-05,Delhi Capitals,Kolkata Knight Riders,Delhi Capitals,bat,normal,0,Kolkata Knight Riders,0,6,JH Kallis,Feroz Shah Kotla,JD Cloete,S Ravi,,Delhi Capitals,Kolkata Knight Riders,0,1,0
358,2012,Pune,2012-08-05,Rising Pune Supergiant,Rajasthan Royals,Rising Pune Supergiant,bat,normal,0,Rajasthan Royals,0,7,SR Watson,Subrata Roy Sahara Stadium,Asad Rauf,BR Doctrove,,Rising Pune Supergiant,Rajasthan Royals,0,1,0
359,2012,Hyderabad,2012-08-05,Punjab Kings,Sunrisers Hyderabad,Sunrisers Hyderabad,field,normal,0,Punjab Kings,25,0,Mandeep Singh,"Rajiv Gandhi International Stadium, Uppal",HDPK Dharmasena,BNJ Oxenford,,Sunrisers Hyderabad,Punjab Kings,0,1,0
360,2012,Mumbai,2012-09-05,Mumbai Indians,Royal Challengers Bangalore,Royal Challengers Bangalore,field,normal,0,Royal Challengers Bangalore,0,9,CH Gayle,Wankhede Stadium,BF Bowden,VA Kulkarni,,Royal Challengers Bangalore,Mumbai Indians,1,0,1
361,2012,Jaipur,2012-10-05,Rajasthan Royals,Chennai Super Kings,Chennai Super Kings,field,normal,0,Chennai Super Kings,0,4,BW Hilfenhaus,Sawai Mansingh Stadium,BNJ Oxenford,C Shamshuddin,,Chennai Super Kings,Rajasthan Royals,1,0,1
362,2012,Pune,2012-11-05,Royal Challengers Bangalore,Rising Pune Supergiant,Rising Pune Supergiant,field,normal,0,Royal Challengers Bangalore,35,0,CH Gayle,Subrata Roy Sahara Stadium,BF Bowden,SK Tarapore,,Rising Pune Supergiant,Royal Challengers Bangalore,0,1,0
363,2012,Kolkata,2012-12-05,Mumbai Indians,Kolkata Knight Riders,Mumbai Indians,bat,normal,0,Mumbai Indians,27,0,RG Sharma,Eden Gardens,S Ravi,SJA Taufel,,Mumbai Indians,Kolkata Knight Riders,1,0,1
364,2012,Chennai,2012-12-05,Delhi Capitals,Chennai Super Kings,Chennai Super Kings,field,normal,0,Chennai Super Kings,0,9,BW Hilfenhaus,"MA Chidambaram Stadium, Chepauk",S Das,BR Doctrove,,Chennai Super Kings,Delhi Capitals,1,0,1
365,2012,Jaipur,,Rajasthan Royals,Rising Pune Supergiant,Rajasthan Royals,bat,normal,0,Rajasthan Royals,45,0,A Chandila,Sawai Mansingh Stadium,BF Bowden,SK Tarapore,,Rajasthan Royals,Rising Pune Supergiant,1,0,1
366,2012,Mohali,,Sunrisers Hyderabad,Punjab Kings,Sunrisers Hyderabad,bat,normal,0,Punjab Kings,0,4,DJ Hussey,"Punjab Cricket Association Stadium, Mohali",HDPK Dharmasena,BNJ Oxenford,,Sunrisers Hyderabad,Punjab Kings,0,1,0
367,2012,Bangalore,,Royal Challengers Bangalore,Mumbai Indians,Mumbai Indians,field,normal,0,Mumbai Indians,0,5,AT Rayudu,M Chinnaswamy Stadium,S Das,BR Doctrove,,Mumbai Indians,Royal Challengers Bangalore,1,0,1
368,2012,Kolkata,,Kolkata Knight Riders,Chennai Super Kings,Chennai Super Kings,field,normal,0,Chennai Super Kings,0,5,MEK Hussey,Eden Gardens,JD Cloete,SJA Taufel,,Chennai Super Kings,Kolkata Knight Riders,1,0,1
369,2012,Delhi,,Punjab Kings,Delhi Capitals,Punjab Kings,bat,normal,0,Delhi Capitals,0,5,UT Yadav,Feroz Shah Kotla,HDPK Dharmasena,BNJ Oxenford,,Punjab Kings,Delhi Capitals,0,1,0
370,2012,Mumbai,,Kolkata Knight Riders,Mumbai Indians,Mumbai Indians,field,normal,0,Kolkata Knight Riders,32,0,SP Narine,Wankhede Stadium,S Das,BR Doctrove,,Mumbai Indians,Kolkata Knight Riders,0,1,0
371,2012,Dharamsala,,Chennai Super Kings,Punjab Kings,Punjab Kings,field,normal,0,Punjab Kings,0,6,AC Gilchrist,Himachal Pradesh Cricket Association Stadium,VA Kulkarni,SK Tarapore,,Punjab Kings,Chennai Super Kings,1,0,1
372,2012,Delhi,,Royal Challengers Bangalore,Delhi Capitals,Delhi Capitals,field,normal,0,Royal Challengers Bangalore,21,0,CH Gayle,Feroz Shah Kotla,HDPK Dharmasena,C Shamshuddin,,Delhi Capitals,Royal Challengers Bangalore,0,1,0
373,2012,Hyderabad,,Rajasthan Royals,Sunrisers Hyderabad,Rajasthan Royals,bat,normal,0,Sunrisers Hyderabad,0,5,DW Steyn,"Rajiv Gandhi International Stadium, Uppal",S Ravi,SJA Taufel,,Rajasthan Royals,Sunrisers Hyderabad,0,1,0
374,2012,Dharamsala,,Punjab Kings,Delhi Capitals,Delhi Capitals,field,normal,0,Delhi Capitals,0,6,UT Yadav,Himachal Pradesh Cricket Association Stadium,BF Bowden,VA Kulkarni,,Delhi Capitals,Punjab Kings,1,0,1
375,2012,Pune,,Kolkata Knight Riders,Rising Pune Supergiant,Kolkata Knight Riders,bat,normal,0,Kolkata Knight Riders,34,0,Shakib Al Hasan,Subrata Roy Sahara Stadium,S Asnani,BR Doctrove,,Kolkata Knight Riders,Rising Pune Supergiant,1,0,1
376,2012,Hyderabad,,Sunrisers Hyderabad,Royal Challengers Bangalore,Royal Challengers Bangalore,field,normal,0,Sunrisers Hyderabad,9,0,DW Steyn,"Rajiv Gandhi International Stadium, Uppal",S Ravi,SJA Taufel,,Royal Challengers Bangalore,Sunrisers Hyderabad,0,1,0
377,2012,Jaipur,,Rajasthan Royals,Mumbai Indians,Rajasthan Royals,bat,normal,0,Mumbai Indians,0,10,DR Smith,Sawai Mansingh Stadium,HDPK Dharmasena,C Shamshuddin,,Rajasthan Royals,Mumbai Indians,0,1,0
378,2012,Pune,,Kolkata Knight Riders,Delhi Capitals,Kolkata Knight Riders,bat,normal,0,Kolkata Knight Riders,18,0,YK Pathan,Subrata Roy Sahara Stadium,BR Doctrove,SJA Taufel,,Kolkata Knight Riders,Delhi Capitals,1,0,1
379,2012,Bangalore,,Chennai Super Kings,Mumbai Indians,Mumbai Indians,field,normal,0,Chennai Super Kings,38,0,MS Dhoni,M Chinnaswamy Stadium,BF Bowden,HDPK Dharmasena,,Mumbai Indians,Chennai Super Kings,0,1,0
380,2012,Chennai,,Chennai Super Kings,Delhi Capitals,Delhi Capitals,field,normal,0,Chennai Super Kings,86,0,M Vijay,"MA Chidambaram Stadium, Chepauk",BR Doctrove,SJA Taufel,,Delhi Capitals,Chennai Super Kings,0,1,0
381,2012,Chennai,,Chennai Super Kings,Kolkata Knight Riders,Chennai Super Kings,bat,normal,0,Kolkata Knight Riders,0,5,MS Bisla,"MA Chidambaram Stadium, Chepauk",BF Bowden,SJA Taufel,,Chennai Super Kings,Kolkata Knight Riders,0,1,0
382,2013,Kolkata,2013-03-04,Delhi Capitals,Kolkata Knight Riders,Kolkata Knight Riders,field,normal,0,Kolkata Knight Riders,0,6,SP Narine,Eden Gardens,S Ravi,SJA Taufel,,Kolkata Knight Riders,Delhi Capitals,1,0,1
383,2013,Bangalore,2013-04-04,Royal Challengers Bangalore,Mumbai Indians,Mumbai Indians,field,normal,0,Royal Challengers Bangalore,2,0,CH Gayle,M Chinnaswamy Stadium,VA Kulkarni,C Shamshuddin,,Mumbai Indians,Royal Challengers Bangalore,0,1,0
384,2013,Hyderabad,2013-05-04,Sunrisers Hyderabad,Rising Pune Supergiant,Rising Pune Supergiant,field,normal,0,Sunrisers Hyderabad,22,0,A Mishra,"Rajiv Gandhi International Stadium, Uppal",S Ravi,SJA Taufel,,Rising Pune Supergiant,Sunrisers Hyderabad,0,1,0
385,2013,Delhi,2013-06-04,Rajasthan Royals,Delhi Capitals,Rajasthan Royals,bat,normal,0,Rajasthan Royals,5,0,R Dravid,Feroz Shah Kotla,S Das,C Shamshuddin,,Rajasthan Royals,Delhi Capitals,1,0,1
386,2013,Chennai,2013-06-04,Mumbai Indians,Chennai Super Kings,Mumbai Indians,bat,normal,0,Mumbai Indians,9,0,KA Pollard,"MA Chidambaram Stadium, Chepauk",M Erasmus,VA Kulkarni,,Mumbai Indians,Chennai Super Kings,1,0,1
387,2013,Pune,2013-07-04,Rising Pune Supergiant,Punjab Kings,Rising Pune Supergiant,bat,normal,0,Punjab Kings,0,8,M Vohra,Subrata Roy Sahara Stadium,S Asnani,SJA Taufel,,Rising Pune Supergiant,Punjab Kings,0,1,0
388,2013,Hyderabad,2013-07-04,Royal Challengers Bangalore,Sunrisers Hyderabad,Royal Challengers Bangalore,bat,tie,0,Tie,0,0,GH Vihari,"Rajiv Gandhi International Stadium, Uppal",AK Chaudhary,S Ravi,,Royal Challengers Bangalore,Sunrisers Hyderabad,0,0,0
389,2013,Jaipur,2013-08-04,Rajasthan Royals,Kolkata Knight Riders,Kolkata Knight Riders,field,normal,0,Rajasthan Royals,19,0,SK Trivedi,Sawai Mansingh Stadium,Aleem Dar,S Das,,Kolkata Knight Riders,Rajasthan Royals,0,1,0
390,2013,Mumbai,2013-09-04,Mumbai Indians,Delhi Capitals,Mumbai Indians,bat,normal,0,Mumbai Indians,44,0,KD Karthik,Wankhede Stadium,M Erasmus,VA Kulkarni,,Mumbai Indians,Delhi Capitals,1,0,1
391,2013,Mohali,2013-10-04,Punjab Kings,Chennai Super Kings,Chennai Super Kings,field,normal,0,Chennai Super Kings,0,10,MEK Hussey,"Punjab Cricket Association Stadium, Mohali",Aleem Dar,C Shamshuddin,,Chennai Super Kings,Punjab Kings,1,0,1
392,2013,Bangalore,2013-11-04,Kolkata Knight Riders,Royal Challengers Bangalore,Royal Challengers Bangalore,field,normal,0,Royal Challengers Bangalore,0,8,CH Gayle,M Chinnaswamy Stadium,Asad Rauf,AK Chaudhary,,Royal Challengers Bangalore,Kolkata Knight Riders,1,0,1
393,2013,Pune,2013-11-04,Rajasthan Royals,Rising Pune Supergiant,Rajasthan Royals,bat,normal,0,Rising Pune Supergiant,0,7,AJ Finch,Subrata Roy Sahara Stadium,M Erasmus,K Srinath,,Rajasthan Royals,Rising Pune Supergiant,0,1,0
394,2013,Delhi,2013-12-04,Delhi Capitals,Sunrisers Hyderabad,Delhi Capitals,bat,normal,0,Sunrisers Hyderabad,0,3,A Mishra,Feroz Shah Kotla,Aleem Dar,Subroto Das,,Delhi Capitals,Sunrisers Hyderabad,0,1,0
395,2013,Mumbai,,Mumbai Indians,Rising Pune Supergiant,Mumbai Indians,bat,normal,0,Mumbai Indians,41,0,RG Sharma,Wankhede Stadium,S Ravi,SJA Taufel,,Mumbai Indians,Rising Pune Supergiant,1,0,1
396,2013,Chennai,,Royal Challengers Bangalore,Chennai Super Kings,Chennai Super Kings,field,normal,0,Chennai Super Kings,0,4,RA Jadeja,"MA Chidambaram Stadium, Chepauk",Asad Rauf,AK Chaudhary,,Chennai Super Kings,Royal Challengers Bangalore,1,0,1
397,2013,Kolkata,,Kolkata Knight Riders,Sunrisers Hyderabad,Kolkata Knight Riders,bat,normal,0,Kolkata Knight Riders,48,0,G Gambhir,Eden Gardens,M Erasmus,VA Kulkarni,,Kolkata Knight Riders,Sunrisers Hyderabad,1,0,1
398,2013,Jaipur,,Punjab Kings,Rajasthan Royals,Rajasthan Royals,field,normal,0,Rajasthan Royals,0,6,JP Faulkner,Sawai Mansingh Stadium,Aleem Dar,C Shamshuddin,,Rajasthan Royals,Punjab Kings,1,0,1
399,2013,Chennai,,Rising Pune Supergiant,Chennai Super Kings,Rising Pune Supergiant,bat,normal,0,Rising Pune Supergiant,24,0,SPD Smith,"MA Chidambaram Stadium, Chepauk",Asad Rauf,AK Chaudhary,,Rising Pune Supergiant,Chennai Super Kings,1,0,1
400,2013,Mohali,,Punjab Kings,Kolkata Knight Riders,Kolkata Knight Riders,field,normal,0,Punjab Kings,4,0,MS Gony,"Punjab Cricket Association Stadium, Mohali",CK Nandan,SJA Taufel,,Kolkata Knight Riders,Punjab Kings,0,1,0
401,2013,Bangalore,,Delhi Capitals,Royal Challengers Bangalore,Royal Challengers Bangalore,field,tie,0,Tie,0,0,V Kohli,M Chinnaswamy Stadium,M Erasmus,VA Kulkarni,,Royal Challengers Bangalore,Delhi Capitals,0,0,0
402,2013,Pune,,Sunrisers Hyderabad,Rising Pune Supergiant,Rising Pune Supergiant,field,normal,0,Sunrisers Hyderabad,11,0,A Mishra,Subrata Roy Sahara Stadium,Asad Rauf,AK Chaudhary,,Rising Pune Supergiant,Sunrisers Hyderabad,0,1,0
403,2013,Jaipur,,Rajasthan Royals,Mumbai Indians,Rajasthan Royals,bat,normal,0,Rajasthan Royals,87,0,AM Rahane,Sawai Mansingh Stadium,Aleem Dar,C Shamshuddin,,Rajasthan Royals,Mumbai Indians,1,0,1
404,2013,Delhi,,Chennai Super Kings,Delhi Capitals,Chennai Super Kings,bat,normal,0,Chennai Super Kings,86,0,MEK Hussey,Feroz Shah Kotla,M Erasmus,VA Kulkarni,,Chennai Super Kings,Delhi Capitals,1,0,1
405,2013,Hyderabad,,Punjab Kings,Sunrisers Hyderabad,Punjab Kings,bat,normal,0,Sunrisers Hyderabad,0,5,GH Vihari,"Rajiv Gandhi International Stadium, Uppal",HDPK Dharmasena,CK Nandan,,Punjab Kings,Sunrisers Hyderabad,0,1,0
406,2013,Kolkata,,Kolkata Knight Riders,Chennai Super Kings,Kolkata Knight Riders,bat,normal,0,Chennai Super Kings,0,4,RA Jadeja,Eden Gardens,Asad Rauf,AK Chaudhary,,Kolkata Knight Riders,Chennai Super Kings,0,1,0
407,2013,Bangalore,,Rajasthan Royals,Royal Challengers Bangalore,Royal Challengers Bangalore,field,normal,0,Royal Challengers Bangalore,0,7,R Vinay Kumar,M Chinnaswamy Stadium,Aleem Dar,C Shamshuddin,,Royal Challengers Bangalore,Rajasthan Royals,1,0,1
408,2013,Delhi,,Mumbai Indians,Delhi Capitals,Mumbai Indians,bat,normal,0,Delhi Capitals,0,9,V Sehwag,Feroz Shah Kotla,HDPK Dharmasena,S Ravi,,Mumbai Indians,Delhi Capitals,0,1,0
409,2013,Mohali,,Rising Pune Supergiant,Punjab Kings,Punjab Kings,field,normal,0,Punjab Kings,0,7,DA Miller,"Punjab Cricket Association Stadium, Mohali",M Erasmus,K Srinath,,Punjab Kings,Rising Pune Supergiant,1,0,1
410,2013,Chennai,,Rajasthan Royals,Chennai Super Kings,Rajasthan Royals,bat,normal,0,Chennai Super Kings,0,5,MEK Hussey,"MA Chidambaram Stadium, Chepauk",S Asnani,AK Chaudhary,,Rajasthan Royals,Chennai Super Kings,0,1,0
411,2013,Bangalore,,Royal Challengers Bangalore,Rising Pune Supergiant,Rising Pune Supergiant,field,normal,0,Royal Challengers Bangalore,130,0,CH Gayle,M Chinnaswamy Stadium,Aleem Dar,C Shamshuddin,,Rising Pune Supergiant,Royal Challengers Bangalore,0,1,0
412,2013,Dharamsala,,Punjab Kings,Delhi Capitals,Delhi Capitals,field,normal,0,Punjab Kings,7,0,DA Miller,Himachal Pradesh Cricket Association Stadium,HDPK Dharmasena,S Ravi,,Delhi Capitals,Punjab Kings,0,1,0
413,2013,Kolkata,,Kolkata Knight Riders,Mumbai Indians,Kolkata Knight Riders,bat,normal,0,Mumbai Indians,0,5,DR Smith,Eden Gardens,HDPK Dharmasena,S Ravi,,Kolkata Knight Riders,Mumbai Indians,0,1,0
414,2013,Chennai,,Sunrisers Hyderabad,Chennai Super Kings,Sunrisers Hyderabad,bat,normal,0,Chennai Super Kings,0,5,MS Dhoni,"MA Chidambaram Stadium, Chepauk",Aleem Dar,S Das,,Sunrisers Hyderabad,Chennai Super Kings,0,1,0
415,2013,Kolkata,,Punjab Kings,Kolkata Knight Riders,Punjab Kings,bat,normal,0,Kolkata Knight Riders,0,6,JH Kallis,Eden Gardens,CK Nandan,S Ravi,,Punjab Kings,Kolkata Knight Riders,0,1,0
416,2013,Jaipur,,Sunrisers Hyderabad,Rajasthan Royals,Sunrisers Hyderabad,bat,normal,0,Rajasthan Royals,0,8,JP Faulkner,Sawai Mansingh Stadium,VA Kulkarni,K Srinath,,Sunrisers Hyderabad,Rajasthan Royals,0,1,0
417,2013,Mumbai,,Mumbai Indians,Royal Challengers Bangalore,Mumbai Indians,bat,normal,0,Mumbai Indians,58,0,DR Smith,Wankhede Stadium,Asad Rauf,S Asnani,,Mumbai Indians,Royal Challengers Bangalore,1,0,1
418,2013,Chennai,,Chennai Super Kings,Kolkata Knight Riders,Kolkata Knight Riders,field,normal,0,Chennai Super Kings,14,0,MEK Hussey,"MA Chidambaram Stadium, Chepauk",Aleem Dar,SJA Taufel,,Kolkata Knight Riders,Chennai Super Kings,0,1,0
419,2013,Raipur,,Delhi Capitals,Rising Pune Supergiant,Rising Pune Supergiant,field,normal,0,Delhi Capitals,15,0,DA Warner,Shaheed Veer Narayan Singh International Stadium,CK Nandan,S Ravi,,Rising Pune Supergiant,Delhi Capitals,0,1,0
420,2013,Jaipur,,Royal Challengers Bangalore,Rajasthan Royals,Rajasthan Royals,field,normal,0,Rajasthan Royals,0,4,SV Samson,Sawai Mansingh Stadium,M Erasmus,K Srinath,,Rajasthan Royals,Royal Challengers Bangalore,1,0,1
421,2013,Mumbai,,Mumbai Indians,Punjab Kings,Mumbai Indians,bat,normal,0,Mumbai Indians,4,0,RG Sharma,Wankhede Stadium,Asad Rauf,AK Chaudhary,,Mumbai Indians,Punjab Kings,1,0,1
422,2013,Pune,,Chennai Super Kings,Rising Pune Supergiant,Chennai Super Kings,bat,normal,0,Chennai Super Kings,37,0,MS Dhoni,Subrata Roy Sahara Stadium,S Das,SJA Taufel,,Chennai Super Kings,Rising Pune Supergiant,1,0,1
423,2013,Hyderabad,2013-01-05,Mumbai Indians,Sunrisers Hyderabad,Mumbai Indians,bat,normal,0,Sunrisers Hyderabad,0,7,I Sharma,"Rajiv Gandhi International Stadium, Uppal",Asad Rauf,S Asnani,,Mumbai Indians,Sunrisers Hyderabad,0,1,0
424,2013,Raipur,2013-01-05,Kolkata Knight Riders,Delhi Capitals,Kolkata Knight Riders,bat,normal,0,Delhi Capitals,0,7,DA Warner,Shaheed Veer Narayan Singh International Stadium,HDPK Dharmasena,CK Nandan,,Kolkata Knight Riders,Delhi Capitals,0,1,0
425,2013,Chennai,2013-02-05,Chennai Super Kings,Punjab Kings,Chennai Super Kings,bat,normal,0,Chennai Super Kings,15,0,SK Raina,"MA Chidambaram Stadium, Chepauk",M Erasmus,VA Kulkarni,,Chennai Super Kings,Punjab Kings,1,0,1
426,2013,Pune,2013-02-05,Royal Challengers Bangalore,Rising Pune Supergiant,Royal Challengers Bangalore,bat,normal,0,Royal Challengers Bangalore,17,0,AB de Villiers,Subrata Roy Sahara Stadium,Aleem Dar,C Shamshuddin,,Royal Challengers Bangalore,Rising Pune Supergiant,1,0,1
427,2013,Kolkata,2013-03-05,Rajasthan Royals,Kolkata Knight Riders,Rajasthan Royals,bat,normal,0,Kolkata Knight Riders,0,8,YK Pathan,Eden Gardens,HDPK Dharmasena,CK Nandan,,Rajasthan Royals,Kolkata Knight Riders,0,1,0
428,2013,Hyderabad,2013-04-05,Delhi Capitals,Sunrisers Hyderabad,Delhi Capitals,bat,normal,0,Sunrisers Hyderabad,0,6,DJG Sammy,"Rajiv Gandhi International Stadium, Uppal",Asad Rauf,S Asnani,,Delhi Capitals,Sunrisers Hyderabad,0,1,0
429,2013,Bangalore,,Royal Challengers Bangalore,Punjab Kings,Punjab Kings,field,normal,0,Punjab Kings,0,7,AC Gilchrist,M Chinnaswamy Stadium,HDPK Dharmasena,S Ravi,,Punjab Kings,Royal Challengers Bangalore,1,0,1
430,2013,Mumbai,2013-05-05,Mumbai Indians,Chennai Super Kings,Mumbai Indians,bat,normal,0,Mumbai Indians,60,0,MG Johnson,Wankhede Stadium,HDPK Dharmasena,CK Nandan,,Mumbai Indians,Chennai Super Kings,1,0,1
431,2013,Jaipur,2013-05-05,Rising Pune Supergiant,Rajasthan Royals,Rising Pune Supergiant,bat,normal,0,Rajasthan Royals,0,5,AM Rahane,Sawai Mansingh Stadium,C Shamshuddin,RJ Tucker,,Rising Pune Supergiant,Rajasthan Royals,0,1,0
432,2013,Bangalore,2013-09-04,Sunrisers Hyderabad,Royal Challengers Bangalore,Sunrisers Hyderabad,bat,normal,0,Royal Challengers Bangalore,0,7,V Kohli,M Chinnaswamy Stadium,S Ravi,SJA Taufel,,Sunrisers Hyderabad,Royal Challengers Bangalore,0,1,0
433,2013,Jaipur,2013-07-05,Delhi Capitals,Rajasthan Royals,Delhi Capitals,bat,normal,0,Rajasthan Royals,0,9,AM Rahane,Sawai Mansingh Stadium,Aleem Dar,RJ Tucker,,Delhi Capitals,Rajasthan Royals,0,1,0
434,2013,Mumbai,2013-07-05,Mumbai Indians,Kolkata Knight Riders,Mumbai Indians,bat,normal,0,Mumbai Indians,65,0,SR Tendulkar,Wankhede Stadium,HDPK Dharmasena,S Ravi,,Mumbai Indians,Kolkata Knight Riders,1,0,1
435,2013,Hyderabad,2013-08-05,Chennai Super Kings,Sunrisers Hyderabad,Sunrisers Hyderabad,field,normal,0,Chennai Super Kings,77,0,SK Raina,"Rajiv Gandhi International Stadium, Uppal",S Das,NJ Llong,,Sunrisers Hyderabad,Chennai Super Kings,0,1,0
436,2013,Mohali,2013-09-05,Punjab Kings,Rajasthan Royals,Rajasthan Royals,field,normal,0,Rajasthan Royals,0,8,KK Cooper,"Punjab Cricket Association Stadium, Mohali",HDPK Dharmasena,S Ravi,,Rajasthan Royals,Punjab Kings,1,0,1
437,2013,Pune,2013-09-05,Kolkata Knight Riders,Rising Pune Supergiant,Kolkata Knight Riders,bat,normal,0,Kolkata Knight Riders,46,0,G Gambhir,Subrata Roy Sahara Stadium,Asad Rauf,S Asnani,,Kolkata Knight Riders,Rising Pune Supergiant,1,0,1
438,2013,Delhi,2013-10-05,Royal Challengers Bangalore,Delhi Capitals,Delhi Capitals,field,normal,0,Royal Challengers Bangalore,4,0,JD Unadkat,Feroz Shah Kotla,NJ Llong,K Srinath,,Delhi Capitals,Royal Challengers Bangalore,0,1,0
439,2013,Pune,2013-11-05,Rising Pune Supergiant,Mumbai Indians,Rising Pune Supergiant,bat,normal,0,Mumbai Indians,0,5,MG Johnson,Subrata Roy Sahara Stadium,Asad Rauf,AK Chaudhary,,Rising Pune Supergiant,Mumbai Indians,0,1,0
440,2013,Mohali,2013-11-05,Sunrisers Hyderabad,Punjab Kings,Punjab Kings,field,normal,0,Sunrisers Hyderabad,30,0,PA Patel,"Punjab Cricket Association Stadium, Mohali",S Das,RJ Tucker,,Punjab Kings,Sunrisers Hyderabad,0,1,0
441,2013,Ranchi,2013-12-05,Royal Challengers Bangalore,Kolkata Knight Riders,Kolkata Knight Riders,field,normal,0,Kolkata Knight Riders,0,5,JH Kallis,JSCA International Stadium Complex,NJ Llong,K Srinath,,Kolkata Knight Riders,Royal Challengers Bangalore,1,0,1
442,2013,Jaipur,2013-12-05,Chennai Super Kings,Rajasthan Royals,Rajasthan Royals,field,normal,0,Rajasthan Royals,0,5,SR Watson,Sawai Mansingh Stadium,HDPK Dharmasena,CK Nandan,,Rajasthan Royals,Chennai Super Kings,1,0,1
443,2013,Delhi,,Delhi Capitals,Punjab Kings,Punjab Kings,field,normal,0,Punjab Kings,0,5,Harmeet Singh,Feroz Shah Kotla,VA Kulkarni,K Srinath,,Punjab Kings,Delhi Capitals,1,0,1
444,2013,Mumbai,,Sunrisers Hyderabad,Mumbai Indians,Sunrisers Hyderabad,bat,normal,0,Mumbai Indians,0,7,KA Pollard,Wankhede Stadium,AK Chaudhary,SJA Taufel,,Sunrisers Hyderabad,Mumbai Indians,0,1,0
445,2013,Ranchi,,Rising Pune Supergiant,Kolkata Knight Riders,Kolkata Knight Riders,field,normal,0,Rising Pune Supergiant,7,0,MK Pandey,JSCA International Stadium Complex,NJ Llong,K Srinath,,Kolkata Knight Riders,Rising Pune Supergiant,0,1,0
446,2013,Chennai,,Chennai Super Kings,Delhi Capitals,Chennai Super Kings,bat,normal,0,Chennai Super Kings,33,0,MS Dhoni,"MA Chidambaram Stadium, Chepauk",C Shamshuddin,RJ Tucker,,Chennai Super Kings,Delhi Capitals,1,0,1
447,2013,Mumbai,,Mumbai Indians,Rajasthan Royals,Rajasthan Royals,field,normal,0,Mumbai Indians,14,0,AP Tare,Wankhede Stadium,Asad Rauf,S Asnani,,Rajasthan Royals,Mumbai Indians,0,1,0
448,2013,Mohali,2013-06-05,Royal Challengers Bangalore,Punjab Kings,Punjab Kings,field,normal,0,Punjab Kings,0,6,DA Miller,"Punjab Cricket Association Stadium, Mohali",VA Kulkarni,NJ Llong,,Punjab Kings,Royal Challengers Bangalore,1,0,1
449,2013,Hyderabad,,Sunrisers Hyderabad,Rajasthan Royals,Sunrisers Hyderabad,bat,normal,0,Sunrisers Hyderabad,23,0,A Mishra,"Rajiv Gandhi International Stadium, Uppal",Asad Rauf,AK Chaudhary,,Sunrisers Hyderabad,Rajasthan Royals,1,0,1
450,2013,Dharamsala,,Punjab Kings,Mumbai Indians,Mumbai Indians,field,normal,0,Punjab Kings,50,0,Azhar Mahmood,Himachal Pradesh Cricket Association Stadium,HDPK Dharmasena,CK Nandan,,Mumbai Indians,Punjab Kings,0,1,0
451,2013,Pune,,Rising Pune Supergiant,Delhi Capitals,Rising Pune Supergiant,bat,normal,0,Rising Pune Supergiant,38,0,LJ Wright,Subrata Roy Sahara Stadium,NJ Llong,SJA Taufel,,Rising Pune Supergiant,Delhi Capitals,1,0,1
452,2013,Bangalore,,Royal Challengers Bangalore,Chennai Super Kings,Chennai Super Kings,field,normal,0,Royal Challengers Bangalore,24,0,V Kohli,M Chinnaswamy Stadium,C Shamshuddin,RJ Tucker,,Chennai Super Kings,Royal Challengers Bangalore,0,1,0
453,2013,Hyderabad,,Kolkata Knight Riders,Sunrisers Hyderabad,Kolkata Knight Riders,bat,normal,0,Sunrisers Hyderabad,0,5,PA Patel,"Rajiv Gandhi International Stadium, Uppal",Asad Rauf,S Asnani,,Kolkata Knight Riders,Sunrisers Hyderabad,0,1,0
454,2013,Delhi,,Chennai Super Kings,Mumbai Indians,Chennai Super Kings,bat,normal,0,Chennai Super Kings,48,0,MEK Hussey,Feroz Shah Kotla,NJ Llong,RJ Tucker,,Chennai Super Kings,Mumbai Indians,1,0,1
455,2013,Delhi,,Sunrisers Hyderabad,Rajasthan Royals,Sunrisers Hyderabad,bat,normal,0,Rajasthan Royals,0,4,BJ Hodge,Feroz Shah Kotla,S Ravi,RJ Tucker,,Sunrisers Hyderabad,Rajasthan Royals,0,1,0
456,2013,Kolkata,,Rajasthan Royals,Mumbai Indians,Rajasthan Royals,bat,normal,0,Mumbai Indians,0,4,Harbhajan Singh,Eden Gardens,C Shamshuddin,SJA Taufel,,Rajasthan Royals,Mumbai Indians,0,1,0
457,2013,Kolkata,,Mumbai Indians,Chennai Super Kings,Mumbai Indians,bat,normal,0,Mumbai Indians,23,0,KA Pollard,Eden Gardens,HDPK Dharmasena,SJA Taufel,,Mumbai Indians,Chennai Super Kings,1,0,1
458,2014,Abu Dhabi,,Kolkata Knight Riders,Mumbai Indians,Kolkata Knight Riders,bat,normal,0,Kolkata Knight Riders,41,0,JH Kallis,Sheikh Zayed Stadium,M Erasmus,RK Illingworth,,Kolkata Knight Riders,Mumbai Indians,1,0,1
459,2014,Sharjah,,Delhi Capitals,Royal Challengers Bangalore,Royal Challengers Bangalore,field,normal,0,Royal Challengers Bangalore,0,8,YS Chahal,Sharjah Cricket Stadium,Aleem Dar,S Ravi,,Royal Challengers Bangalore,Delhi Capitals,1,0,1
460,2014,Abu Dhabi,,Chennai Super Kings,Punjab Kings,Chennai Super Kings,bat,normal,0,Punjab Kings,0,6,GJ Maxwell,Sheikh Zayed Stadium,RK Illingworth,C Shamshuddin,,Chennai Super Kings,Punjab Kings,0,1,0
461,2014,Abu Dhabi,,Sunrisers Hyderabad,Rajasthan Royals,Rajasthan Royals,field,normal,0,Rajasthan Royals,0,4,AM Rahane,Sheikh Zayed Stadium,BF Bowden,RK Illingworth,,Rajasthan Royals,Sunrisers Hyderabad,1,0,1
462,2014,,,Mumbai Indians,Royal Challengers Bangalore,Royal Challengers Bangalore,field,normal,0,Royal Challengers Bangalore,0,7,PA Patel,Dubai International Cricket Stadium,Aleem Dar,AK Chaudhary,,Royal Challengers Bangalore,Mumbai Indians,1,0,1
463,2014,,,Kolkata Knight Riders,Delhi Capitals,Kolkata Knight Riders,bat,normal,0,Delhi Capitals,0,4,JP Duminy,Dubai International Cricket Stadium,Aleem Dar,VA Kulkarni,,Kolkata Knight Riders,Delhi Capitals,0,1,0
464,2014,Sharjah,,Rajasthan Royals,Punjab Kings,Punjab Kings,field,normal,0,Punjab Kings,0,7,GJ Maxwell,Sharjah Cricket Stadium,BF Bowden,M Erasmus,,Punjab Kings,Rajasthan Royals,1,0,1
465,2014,Abu Dhabi,,Chennai Super Kings,Delhi Capitals,Chennai Super Kings,bat,normal,0,Chennai Super Kings,93,0,SK Raina,Sheikh Zayed Stadium,RK Illingworth,C Shamshuddin,,Chennai Super Kings,Delhi Capitals,1,0,1
466,2014,Sharjah,,Punjab Kings,Sunrisers Hyderabad,Sunrisers Hyderabad,field,normal,0,Punjab Kings,72,0,GJ Maxwell,Sharjah Cricket Stadium,M Erasmus,S Ravi,,Sunrisers Hyderabad,Punjab Kings,0,1,0
467,2014,,,Chennai Super Kings,Rajasthan Royals,Rajasthan Royals,field,normal,0,Chennai Super Kings,7,0,RA Jadeja,Dubai International Cricket Stadium,HDPK Dharmasena,RK Illingworth,,Rajasthan Royals,Chennai Super Kings,0,1,0
468,2014,Sharjah,,Kolkata Knight Riders,Royal Challengers Bangalore,Royal Challengers Bangalore,field,normal,0,Kolkata Knight Riders,2,0,CA Lynn,Sharjah Cricket Stadium,Aleem Dar,VA Kulkarni,,Royal Challengers Bangalore,Kolkata Knight Riders,0,1,0
469,2014,,,Sunrisers Hyderabad,Delhi Capitals,Sunrisers Hyderabad,bat,normal,0,Sunrisers Hyderabad,4,0,AJ Finch,Dubai International Cricket Stadium,M Erasmus,S Ravi,,Sunrisers Hyderabad,Delhi Capitals,1,0,1
470,2014,,,Mumbai Indians,Chennai Super Kings,Mumbai Indians,bat,normal,0,Chennai Super Kings,0,7,MM Sharma,Dubai International Cricket Stadium,BF Bowden,M Erasmus,,Mumbai Indians,Chennai Super Kings,0,1,0
471,2014,Abu Dhabi,,Royal Challengers Bangalore,Rajasthan Royals,Rajasthan Royals,field,normal,0,Rajasthan Royals,0,6,PV Tambe,Sheikh Zayed Stadium,HDPK Dharmasena,C Shamshuddin,,Rajasthan Royals,Royal Challengers Bangalore,1,0,1
472,2014,Abu Dhabi,,Punjab Kings,Kolkata Knight Riders,Kolkata Knight Riders,field,normal,0,Punjab Kings,23,0,Sandeep Sharma,Sheikh Zayed Stadium,HDPK Dharmasena,RK Illingworth,,Kolkata Knight Riders,Punjab Kings,0,1,0
473,2014,Sharjah,,Mumbai Indians,Delhi Capitals,Mumbai Indians,bat,normal,0,Delhi Capitals,0,6,M Vijay,Sharjah Cricket Stadium,Aleem Dar,VA Kulkarni,,Mumbai Indians,Delhi Capitals,0,1,0
474,2014,Sharjah,,Sunrisers Hyderabad,Chennai Super Kings,Sunrisers Hyderabad,bat,normal,0,Chennai Super Kings,0,5,DR Smith,Sharjah Cricket Stadium,AK Chaudhary,VA Kulkarni,,Sunrisers Hyderabad,Chennai Super Kings,0,1,0
475,2014,,,Royal Challengers Bangalore,Punjab Kings,Punjab Kings,field,normal,0,Punjab Kings,0,5,Sandeep Sharma,Dubai International Cricket Stadium,BF Bowden,S Ravi,,Punjab Kings,Royal Challengers Bangalore,1,0,1
476,2014,Abu Dhabi,,Rajasthan Royals,Kolkata Knight Riders,Rajasthan Royals,bat,tie,0,Tie,0,0,JP Faulkner,Sheikh Zayed Stadium,Aleem Dar,AK Chaudhary,,Rajasthan Royals,Kolkata Knight Riders,0,0,0
477,2014,,,Sunrisers Hyderabad,Mumbai Indians,Mumbai Indians,field,normal,0,Sunrisers Hyderabad,15,0,B Kumar,Dubai International Cricket Stadium,HDPK Dharmasena,M Erasmus,,Mumbai Indians,Sunrisers Hyderabad,0,1,0
478,2014,Ranchi,2014-02-05,Chennai Super Kings,Kolkata Knight Riders,Chennai Super Kings,bat,normal,0,Chennai Super Kings,34,0,RA Jadeja,JSCA International Stadium Complex,AK Chaudhary,NJ Llong,,Chennai Super Kings,Kolkata Knight Riders,1,0,1
479,2014,Mumbai,2014-03-05,Punjab Kings,Mumbai Indians,Punjab Kings,bat,normal,0,Mumbai Indians,0,5,CJ Anderson,Wankhede Stadium,BNJ Oxenford,C Shamshuddin,,Punjab Kings,Mumbai Indians,0,1,0
480,2014,Delhi,2014-03-05,Delhi Capitals,Rajasthan Royals,Rajasthan Royals,field,normal,0,Rajasthan Royals,0,7,KK Nair,Feroz Shah Kotla,SS Hazare,S Ravi,,Rajasthan Royals,Delhi Capitals,1,0,1
481,2014,Bangalore,2014-04-05,Sunrisers Hyderabad,Royal Challengers Bangalore,Royal Challengers Bangalore,field,normal,0,Royal Challengers Bangalore,0,4,AB de Villiers,M Chinnaswamy Stadium,HDPK Dharmasena,VA Kulkarni,,Royal Challengers Bangalore,Sunrisers Hyderabad,1,0,1
482,2014,Ahmedabad,2014-05-05,Rajasthan Royals,Kolkata Knight Riders,Kolkata Knight Riders,field,normal,0,Rajasthan Royals,10,0,PV Tambe,"Sardar Patel Stadium, Motera",NJ Llong,CK Nandan,,Kolkata Knight Riders,Rajasthan Royals,0,1,0
483,2014,Delhi,2014-05-05,Delhi Capitals,Chennai Super Kings,Chennai Super Kings,field,normal,0,Chennai Super Kings,0,8,DR Smith,Feroz Shah Kotla,RM Deshpande,BNJ Oxenford,,Chennai Super Kings,Delhi Capitals,1,0,1
484,2014,Mumbai,2014-06-05,Mumbai Indians,Royal Challengers Bangalore,Royal Challengers Bangalore,field,normal,0,Mumbai Indians,19,0,RG Sharma,Wankhede Stadium,S Ravi,K Srinath,,Royal Challengers Bangalore,Mumbai Indians,0,1,0
485,2014,Delhi,2014-07-05,Delhi Capitals,Kolkata Knight Riders,Delhi Capitals,bat,normal,0,Kolkata Knight Riders,0,8,G Gambhir,Feroz Shah Kotla,BNJ Oxenford,C Shamshuddin,,Delhi Capitals,Kolkata Knight Riders,0,1,0
486,2014,Cuttack,2014-07-05,Punjab Kings,Chennai Super Kings,Chennai Super Kings,field,normal,0,Punjab Kings,44,0,GJ Maxwell,Barabati Stadium,HDPK Dharmasena,PG Pathak,,Chennai Super Kings,Punjab Kings,0,1,0
487,2014,Ahmedabad,2014-08-05,Sunrisers Hyderabad,Rajasthan Royals,Rajasthan Royals,field,normal,0,Sunrisers Hyderabad,32,0,B Kumar,"Sardar Patel Stadium, Motera",AK Chaudhary,NJ Llong,,Rajasthan Royals,Sunrisers Hyderabad,0,1,0
488,2014,Bangalore,2014-09-05,Punjab Kings,Royal Challengers Bangalore,Royal Challengers Bangalore,field,normal,0,Punjab Kings,32,0,Sandeep Sharma,M Chinnaswamy Stadium,S Ravi,K Srinath,,Royal Challengers Bangalore,Punjab Kings,0,1,0
489,2014,Delhi,2014-10-05,Delhi Capitals,Sunrisers Hyderabad,Sunrisers Hyderabad,field,normal,1,Sunrisers Hyderabad,0,8,DW Steyn,Feroz Shah Kotla,RM Deshpande,BNJ Oxenford,,Sunrisers Hyderabad,Delhi Capitals,1,0,1
490,2014,Mumbai,2014-10-05,Mumbai Indians,Chennai Super Kings,Chennai Super Kings,field,normal,0,Chennai Super Kings,0,4,DR Smith,Wankhede Stadium,HDPK Dharmasena,VA Kulkarni,,Chennai Super Kings,Mumbai Indians,1,0,1
491,2014,Cuttack,2014-11-05,Punjab Kings,Kolkata Knight Riders,Kolkata Knight Riders,field,normal,0,Kolkata Knight Riders,0,9,G Gambhir,Barabati Stadium,NJ Llong,CK Nandan,,Kolkata Knight Riders,Punjab Kings,1,0,1
492,2014,Bangalore,2014-11-05,Royal Challengers Bangalore,Rajasthan Royals,Royal Challengers Bangalore,bat,normal,0,Rajasthan Royals,0,5,JP Faulkner,M Chinnaswamy Stadium,S Ravi,RJ Tucker,,Royal Challengers Bangalore,Rajasthan Royals,0,1,0
493,2014,Hyderabad,2014-12-05,Sunrisers Hyderabad,Mumbai Indians,Sunrisers Hyderabad,bat,normal,0,Mumbai Indians,0,7,AT Rayudu,"Rajiv Gandhi International Stadium, Uppal",HDPK Dharmasena,VA Kulkarni,,Sunrisers Hyderabad,Mumbai Indians,0,1,0
494,2014,Ranchi,,Rajasthan Royals,Chennai Super Kings,Rajasthan Royals,bat,normal,0,Chennai Super Kings,0,5,RA Jadeja,JSCA International Stadium Complex,BNJ Oxenford,C Shamshuddin,,Rajasthan Royals,Chennai Super Kings,0,1,0
495,2014,Bangalore,,Royal Challengers Bangalore,Delhi Capitals,Delhi Capitals,field,normal,0,Royal Challengers Bangalore,16,0,Yuvraj Singh,M Chinnaswamy Stadium,K Srinath,RJ Tucker,,Delhi Capitals,Royal Challengers Bangalore,0,1,0
496,2014,Hyderabad,,Sunrisers Hyderabad,Punjab Kings,Punjab Kings,field,normal,0,Punjab Kings,0,6,WP Saha,"Rajiv Gandhi International Stadium, Uppal",VA Kulkarni,PG Pathak,,Punjab Kings,Sunrisers Hyderabad,1,0,1
497,2014,Cuttack,,Mumbai Indians,Kolkata Knight Riders,Kolkata Knight Riders,field,normal,0,Kolkata Knight Riders,0,6,RV Uthappa,Barabati Stadium,AK Chaudhary,NJ Llong,,Kolkata Knight Riders,Mumbai Indians,1,0,1
498,2014,Ahmedabad,,Rajasthan Royals,Delhi Capitals,Delhi Capitals,field,normal,0,Rajasthan Royals,62,0,AM Rahane,"Sardar Patel Stadium, Motera",S Ravi,RJ Tucker,,Delhi Capitals,Rajasthan Royals,0,1,0
499,2014,Ranchi,,Chennai Super Kings,Royal Challengers Bangalore,Chennai Super Kings,bat,normal,0,Royal Challengers Bangalore,0,5,AB de Villiers,JSCA International Stadium Complex,BNJ Oxenford,C Shamshuddin,,Chennai Super Kings,Royal Challengers Bangalore,0,1,0
500,2014,Hyderabad,,Sunrisers Hyderabad,Kolkata Knight Riders,Sunrisers Hyderabad,bat,normal,0,Kolkata Knight Riders,0,7,UT Yadav,"Rajiv Gandhi International Stadium, Uppal",NJ Llong,CK Nandan,,Sunrisers Hyderabad,Kolkata Knight Riders,0,1,0
501,2014,Ahmedabad,,Mumbai Indians,Rajasthan Royals,Mumbai Indians,bat,normal,0,Mumbai Indians,25,0,MEK Hussey,"Sardar Patel Stadium, Motera",S Ravi,RJ Tucker,,Mumbai Indians,Rajasthan Royals,1,0,1
502,2014,Delhi,,Delhi Capitals,Punjab Kings,Punjab Kings,field,normal,0,Punjab Kings,0,4,AR Patel,Feroz Shah Kotla,HDPK Dharmasena,PG Pathak,,Punjab Kings,Delhi Capitals,1,0,1
503,2014,Hyderabad,,Royal Challengers Bangalore,Sunrisers Hyderabad,Royal Challengers Bangalore,bat,normal,0,Sunrisers Hyderabad,0,7,DA Warner,"Rajiv Gandhi International Stadium, Uppal",AK Chaudhary,NJ Llong,,Royal Challengers Bangalore,Sunrisers Hyderabad,0,1,0
504,2014,Kolkata,,Chennai Super Kings,Kolkata Knight Riders,Kolkata Knight Riders,field,normal,0,Kolkata Knight Riders,0,8,RV Uthappa,Eden Gardens,RM Deshpande,C Shamshuddin,,Kolkata Knight Riders,Chennai Super Kings,1,0,1
505,2014,Mohali,,Punjab Kings,Mumbai Indians,Mumbai Indians,field,normal,0,Mumbai Indians,0,7,LMP Simmons,"Punjab Cricket Association Stadium, Mohali",HDPK Dharmasena,VA Kulkarni,,Mumbai Indians,Punjab Kings,1,0,1
506,2014,Kolkata,,Kolkata Knight Riders,Royal Challengers Bangalore,Royal Challengers Bangalore,field,normal,0,Kolkata Knight Riders,30,0,RV Uthappa,Eden Gardens,AK Chaudhary,CK Nandan,,Royal Challengers Bangalore,Kolkata Knight Riders,0,1,0
507,2014,Ranchi,,Chennai Super Kings,Sunrisers Hyderabad,Sunrisers Hyderabad,field,normal,0,Sunrisers Hyderabad,0,6,DA Warner,JSCA International Stadium Complex,BNJ Oxenford,C Shamshuddin,,Sunrisers Hyderabad,Chennai Super Kings,1,0,1
508,2014,Mumbai,,Mumbai Indians,Delhi Capitals,Delhi Capitals,field,normal,0,Mumbai Indians,15,0,MEK Hussey,Wankhede Stadium,S Ravi,RJ Tucker,,Delhi Capitals,Mumbai Indians,0,1,0
509,2014,Mohali,,Punjab Kings,Rajasthan Royals,Rajasthan Royals,field,normal,0,Punjab Kings,16,0,SE Marsh,"Punjab Cricket Association Stadium, Mohali",HDPK Dharmasena,PG Pathak,,Rajasthan Royals,Punjab Kings,0,1,0
510,2014,Bangalore,,Royal Challengers Bangalore,Chennai Super Kings,Chennai Super Kings,field,normal,0,Chennai Super Kings,0,8,MS Dhoni,M Chinnaswamy Stadium,AK Chaudhary,NJ Llong,,Chennai Super Kings,Royal Challengers Bangalore,1,0,1
511,2014,Kolkata,,Sunrisers Hyderabad,Kolkata Knight Riders,Kolkata Knight Riders,field,normal,0,Kolkata Knight Riders,0,4,YK Pathan,Eden Gardens,RM Deshpande,BNJ Oxenford,,Kolkata Knight Riders,Sunrisers Hyderabad,1,0,1
512,2014,Mohali,,Delhi Capitals,Punjab Kings,Punjab Kings,field,normal,0,Punjab Kings,0,7,M Vohra,"Punjab Cricket Association Stadium, Mohali",HDPK Dharmasena,VA Kulkarni,,Punjab Kings,Delhi Capitals,1,0,1
513,2014,Mumbai,,Rajasthan Royals,Mumbai Indians,Mumbai Indians,field,normal,0,Mumbai Indians,0,5,CJ Anderson,Wankhede Stadium,K Srinath,RJ Tucker,,Mumbai Indians,Rajasthan Royals,1,0,1
514,2014,Kolkata,,Kolkata Knight Riders,Punjab Kings,Punjab Kings,field,normal,0,Kolkata Knight Riders,28,0,UT Yadav,Eden Gardens,NJ Llong,S Ravi,,Punjab Kings,Kolkata Knight Riders,0,1,0
515,2014,Mumbai,,Mumbai Indians,Chennai Super Kings,Chennai Super Kings,field,normal,0,Chennai Super Kings,0,7,SK Raina,Brabourne Stadium,VA Kulkarni,BNJ Oxenford,,Chennai Super Kings,Mumbai Indians,1,0,1
516,2014,Mumbai,,Punjab Kings,Chennai Super Kings,Chennai Super Kings,field,normal,0,Punjab Kings,24,0,V Sehwag,Wankhede Stadium,HDPK Dharmasena,RJ Tucker,,Chennai Super Kings,Punjab Kings,0,1,0
517,2014,Bangalore,2014-01-06,Punjab Kings,Kolkata Knight Riders,Kolkata Knight Riders,field,normal,0,Kolkata Knight Riders,0,3,MK Pandey,M Chinnaswamy Stadium,HDPK Dharmasena,BNJ Oxenford,,Kolkata Knight Riders,Punjab Kings,1,0,1
518,2015,Kolkata,2015-08-04,Mumbai Indians,Kolkata Knight Riders,Kolkata Knight Riders,field,normal,0,Kolkata Knight Riders,0,7,M Morkel,Eden Gardens,S Ravi,C Shamshuddin,,Kolkata Knight Riders,Mumbai Indians,1,0,1
519,2015,Chennai,2015-09-04,Chennai Super Kings,Delhi Capitals,Delhi Capitals,field,normal,0,Chennai Super Kings,1,0,A Nehra,"MA Chidambaram Stadium, Chepauk",RK Illingworth,VA Kulkarni,,Delhi Capitals,Chennai Super Kings,0,1,0
520,2015,Pune,2015-10-04,Rajasthan Royals,Punjab Kings,Punjab Kings,field,normal,0,Rajasthan Royals,26,0,JP Faulkner,Maharashtra Cricket Association Stadium,SD Fry,CB Gaffaney,,Punjab Kings,Rajasthan Royals,0,1,0
521,2015,Chennai,2015-11-04,Chennai Super Kings,Sunrisers Hyderabad,Chennai Super Kings,bat,normal,0,Chennai Super Kings,45,0,BB McCullum,"MA Chidambaram Stadium, Chepauk",RK Illingworth,VA Kulkarni,,Chennai Super Kings,Sunrisers Hyderabad,1,0,1
522,2015,Kolkata,2015-11-04,Kolkata Knight Riders,Royal Challengers Bangalore,Royal Challengers Bangalore,field,normal,0,Royal Challengers Bangalore,0,3,CH Gayle,Eden Gardens,S Ravi,C Shamshuddin,,Royal Challengers Bangalore,Kolkata Knight Riders,1,0,1
523,2015,Delhi,2015-12-04,Delhi Capitals,Rajasthan Royals,Rajasthan Royals,field,normal,0,Rajasthan Royals,0,3,DJ Hooda,Feroz Shah Kotla,SD Fry,CB Gaffaney,,Rajasthan Royals,Delhi Capitals,1,0,1
524,2015,Mumbai,2015-12-04,Punjab Kings,Mumbai Indians,Mumbai Indians,field,normal,0,Punjab Kings,18,0,GJ Bailey,Wankhede Stadium,AK Chaudhary,K Srinivasan,,Mumbai Indians,Punjab Kings,0,1,0
525,2015,Bangalore,,Royal Challengers Bangalore,Sunrisers Hyderabad,Sunrisers Hyderabad,field,normal,0,Sunrisers Hyderabad,0,8,DA Warner,M Chinnaswamy Stadium,RM Deshpande,RK Illingworth,,Sunrisers Hyderabad,Royal Challengers Bangalore,1,0,1
526,2015,Ahmedabad,,Mumbai Indians,Rajasthan Royals,Mumbai Indians,bat,normal,0,Rajasthan Royals,0,7,SPD Smith,"Sardar Patel Stadium, Motera",AK Chaudhary,SD Fry,,Mumbai Indians,Rajasthan Royals,0,1,0
527,2015,Kolkata,,Chennai Super Kings,Kolkata Knight Riders,Kolkata Knight Riders,field,normal,0,Kolkata Knight Riders,0,7,AD Russell,Eden Gardens,AK Chaudhary,M Erasmus,,Kolkata Knight Riders,Chennai Super Kings,1,0,1
528,2015,Pune,,Punjab Kings,Delhi Capitals,Punjab Kings,bat,normal,0,Delhi Capitals,0,5,MA Agarwal,Maharashtra Cricket Association Stadium,CB Gaffaney,K Srinath,,Punjab Kings,Delhi Capitals,0,1,0
529,2015,Visakhapatnam,,Sunrisers Hyderabad,Rajasthan Royals,Rajasthan Royals,field,normal,0,Rajasthan Royals,0,6,AM Rahane,Dr. Y.S. Rajasekhara Reddy ACA-VDCA Cricket Stadium,PG Pathak,S Ravi,,Rajasthan Royals,Sunrisers Hyderabad,1,0,1
530,2015,Mumbai,,Mumbai Indians,Chennai Super Kings,Mumbai Indians,bat,normal,0,Chennai Super Kings,0,6,A Nehra,Wankhede Stadium,AK Chaudhary,M Erasmus,,Mumbai Indians,Chennai Super Kings,0,1,0
531,2015,Visakhapatnam,,Delhi Capitals,Sunrisers Hyderabad,Delhi Capitals,bat,normal,0,Delhi Capitals,4,0,JP Duminy,Dr. Y.S. Rajasekhara Reddy ACA-VDCA Cricket Stadium,PG Pathak,S Ravi,,Delhi Capitals,Sunrisers Hyderabad,1,0,1
532,2015,Pune,,Punjab Kings,Kolkata Knight Riders,Kolkata Knight Riders,field,normal,0,Kolkata Knight Riders,0,4,AD Russell,Maharashtra Cricket Association Stadium,SD Fry,CK Nandan,,Kolkata Knight Riders,Punjab Kings,1,0,1
533,2015,Ahmedabad,,Chennai Super Kings,Rajasthan Royals,Chennai Super Kings,bat,normal,0,Rajasthan Royals,0,8,AM Rahane,"Sardar Patel Stadium, Motera",AK Chaudhary,M Erasmus,,Chennai Super Kings,Rajasthan Royals,0,1,0
534,2015,Bangalore,,Mumbai Indians,Royal Challengers Bangalore,Royal Challengers Bangalore,field,normal,0,Mumbai Indians,18,0,Harbhajan Singh,M Chinnaswamy Stadium,RK Illingworth,VA Kulkarni,,Royal Challengers Bangalore,Mumbai Indians,0,1,0
535,2015,Delhi,,Delhi Capitals,Kolkata Knight Riders,Kolkata Knight Riders,field,normal,0,Kolkata Knight Riders,0,6,UT Yadav,Feroz Shah Kotla,SD Fry,CB Gaffaney,,Kolkata Knight Riders,Delhi Capitals,1,0,1
536,2015,Ahmedabad,,Rajasthan Royals,Punjab Kings,Punjab Kings,field,tie,0,Tie,0,0,SE Marsh,"Sardar Patel Stadium, Motera",M Erasmus,S Ravi,,Punjab Kings,Rajasthan Royals,0,0,0
537,2015,Visakhapatnam,,Sunrisers Hyderabad,Kolkata Knight Riders,Kolkata Knight Riders,field,normal,1,Sunrisers Hyderabad,16,0,DA Warner,Dr. Y.S. Rajasekhara Reddy ACA-VDCA Cricket Stadium,RK Illingworth,VA Kulkarni,,Kolkata Knight Riders,Sunrisers Hyderabad,0,1,0
538,2015,Bangalore,,Chennai Super Kings,Royal Challengers Bangalore,Royal Challengers Bangalore,field,normal,0,Chennai Super Kings,27,0,SK Raina,M Chinnaswamy Stadium,JD Cloete,C Shamshuddin,,Royal Challengers Bangalore,Chennai Super Kings,0,1,0
539,2015,Delhi,,Delhi Capitals,Mumbai Indians,Mumbai Indians,field,normal,0,Delhi Capitals,37,0,SS Iyer,Feroz Shah Kotla,SD Fry,CK Nandan,,Mumbai Indians,Delhi Capitals,0,1,0
540,2015,Ahmedabad,,Rajasthan Royals,Royal Challengers Bangalore,Royal Challengers Bangalore,field,normal,0,Royal Challengers Bangalore,0,9,MA Starc,"Sardar Patel Stadium, Motera",M Erasmus,S Ravi,,Royal Challengers Bangalore,Rajasthan Royals,1,0,1
541,2015,Mumbai,,Mumbai Indians,Sunrisers Hyderabad,Mumbai Indians,bat,normal,0,Mumbai Indians,20,0,SL Malinga,Wankhede Stadium,HDPK Dharmasena,CB Gaffaney,,Mumbai Indians,Sunrisers Hyderabad,1,0,1
542,2015,Chennai,,Chennai Super Kings,Punjab Kings,Chennai Super Kings,bat,normal,0,Chennai Super Kings,97,0,BB McCullum,"MA Chidambaram Stadium, Chepauk",JD Cloete,C Shamshuddin,,Chennai Super Kings,Punjab Kings,1,0,1
543,2015,Delhi,,Delhi Capitals,Royal Challengers Bangalore,Royal Challengers Bangalore,field,normal,0,Royal Challengers Bangalore,0,10,VR Aaron,Feroz Shah Kotla,M Erasmus,S Ravi,,Royal Challengers Bangalore,Delhi Capitals,1,0,1
544,2015,Mohali,,Sunrisers Hyderabad,Punjab Kings,Punjab Kings,field,normal,0,Sunrisers Hyderabad,20,0,TA Boult,"Punjab Cricket Association Stadium, Mohali",HDPK Dharmasena,CB Gaffaney,,Punjab Kings,Sunrisers Hyderabad,0,1,0
545,2015,Kolkata,2015-07-05,Kolkata Knight Riders,Delhi Capitals,Kolkata Knight Riders,bat,normal,0,Kolkata Knight Riders,13,0,PP Chawla,Eden Gardens,AK Chaudhary,M Erasmus,,Kolkata Knight Riders,Delhi Capitals,1,0,1
546,2015,Bangalore,,Royal Challengers Bangalore,Rajasthan Royals,Rajasthan Royals,field,no result,0,No Result,0,0,Not Awarded,M Chinnaswamy Stadium,JD Cloete,PG Pathak,,Rajasthan Royals,Royal Challengers Bangalore,0,0,0
547,2015,Chennai,,Chennai Super Kings,Kolkata Knight Riders,Kolkata Knight Riders,field,normal,0,Chennai Super Kings,2,0,DJ Bravo,"MA Chidambaram Stadium, Chepauk",RM Deshpande,VA Kulkarni,,Kolkata Knight Riders,Chennai Super Kings,0,1,0
548,2015,Delhi,2015-01-05,Punjab Kings,Delhi Capitals,Delhi Capitals,field,normal,0,Delhi Capitals,0,9,NM Coulter-Nile,Feroz Shah Kotla,RK Illingworth,S Ravi,,Delhi Capitals,Punjab Kings,1,0,1
549,2015,Mumbai,2015-01-05,Mumbai Indians,Rajasthan Royals,Rajasthan Royals,field,normal,0,Mumbai Indians,8,0,AT Rayudu,Wankhede Stadium,HDPK Dharmasena,CK Nandan,,Rajasthan Royals,Mumbai Indians,0,1,0
550,2015,Bangalore,2015-02-05,Kolkata Knight Riders,Royal Challengers Bangalore,Royal Challengers Bangalore,field,normal,0,Royal Challengers Bangalore,0,7,Mandeep Singh,M Chinnaswamy Stadium,JD Cloete,PG Pathak,,Royal Challengers Bangalore,Kolkata Knight Riders,1,0,1
551,2015,Hyderabad,2015-02-05,Sunrisers Hyderabad,Chennai Super Kings,Chennai Super Kings,field,normal,0,Sunrisers Hyderabad,22,0,DA Warner,"Rajiv Gandhi International Stadium, Uppal",AK Chaudhary,K Srinivasan,,Chennai Super Kings,Sunrisers Hyderabad,0,1,0
552,2015,Mohali,2015-03-05,Mumbai Indians,Punjab Kings,Mumbai Indians,bat,normal,0,Mumbai Indians,23,0,LMP Simmons,"Punjab Cricket Association Stadium, Mohali",RK Illingworth,VA Kulkarni,,Mumbai Indians,Punjab Kings,1,0,1
553,2015,Mumbai,2015-03-05,Rajasthan Royals,Delhi Capitals,Delhi Capitals,field,normal,0,Rajasthan Royals,14,0,AM Rahane,Brabourne Stadium,HDPK Dharmasena,CB Gaffaney,,Delhi Capitals,Rajasthan Royals,0,1,0
554,2015,Chennai,2015-04-05,Chennai Super Kings,Royal Challengers Bangalore,Chennai Super Kings,bat,normal,0,Chennai Super Kings,24,0,SK Raina,"MA Chidambaram Stadium, Chepauk",C Shamshuddin,K Srinath,,Chennai Super Kings,Royal Challengers Bangalore,1,0,1
555,2015,Kolkata,2015-04-05,Kolkata Knight Riders,Sunrisers Hyderabad,Sunrisers Hyderabad,field,normal,0,Kolkata Knight Riders,35,0,UT Yadav,Eden Gardens,AK Chaudhary,M Erasmus,,Sunrisers Hyderabad,Kolkata Knight Riders,0,1,0
556,2015,Mumbai,2015-05-05,Delhi Capitals,Mumbai Indians,Delhi Capitals,bat,normal,0,Mumbai Indians,0,5,Harbhajan Singh,Wankhede Stadium,HDPK Dharmasena,CB Gaffaney,,Delhi Capitals,Mumbai Indians,0,1,0
557,2015,Bangalore,2015-06-05,Royal Challengers Bangalore,Punjab Kings,Punjab Kings,field,normal,0,Royal Challengers Bangalore,138,0,CH Gayle,M Chinnaswamy Stadium,RK Illingworth,VA Kulkarni,,Punjab Kings,Royal Challengers Bangalore,0,1,0
558,2015,Mumbai,2015-07-05,Sunrisers Hyderabad,Rajasthan Royals,Rajasthan Royals,field,normal,0,Sunrisers Hyderabad,7,0,EJG Morgan,Brabourne Stadium,JD Cloete,C Shamshuddin,,Rajasthan Royals,Sunrisers Hyderabad,0,1,0
559,2015,Chennai,2015-08-05,Chennai Super Kings,Mumbai Indians,Chennai Super Kings,bat,normal,0,Mumbai Indians,0,6,HH Pandya,"MA Chidambaram Stadium, Chepauk",CB Gaffaney,CK Nandan,,Chennai Super Kings,Mumbai Indians,0,1,0
560,2015,Kolkata,2015-09-05,Punjab Kings,Kolkata Knight Riders,Punjab Kings,bat,normal,0,Kolkata Knight Riders,0,1,AD Russell,Eden Gardens,AK Chaudhary,HDPK Dharmasena,,Punjab Kings,Kolkata Knight Riders,0,1,0
561,2015,Raipur,2015-09-05,Sunrisers Hyderabad,Delhi Capitals,Sunrisers Hyderabad,bat,normal,0,Sunrisers Hyderabad,6,0,MC Henriques,Shaheed Veer Narayan Singh International Stadium,VA Kulkarni,S Ravi,,Sunrisers Hyderabad,Delhi Capitals,1,0,1
562,2015,Mumbai,2015-10-05,Royal Challengers Bangalore,Mumbai Indians,Royal Challengers Bangalore,bat,normal,0,Royal Challengers Bangalore,39,0,AB de Villiers,Wankhede Stadium,JD Cloete,C Shamshuddin,,Royal Challengers Bangalore,Mumbai Indians,1,0,1
563,2015,Chennai,2015-10-05,Chennai Super Kings,Rajasthan Royals,Chennai Super Kings,bat,normal,0,Chennai Super Kings,12,0,RA Jadeja,"MA Chidambaram Stadium, Chepauk",M Erasmus,CK Nandan,,Chennai Super Kings,Rajasthan Royals,1,0,1
564,2015,Hyderabad,2015-11-05,Sunrisers Hyderabad,Punjab Kings,Sunrisers Hyderabad,bat,normal,0,Sunrisers Hyderabad,5,0,DA Warner,"Rajiv Gandhi International Stadium, Uppal",AK Chaudhary,HDPK Dharmasena,,Sunrisers Hyderabad,Punjab Kings,1,0,1
565,2015,Raipur,2015-12-05,Chennai Super Kings,Delhi Capitals,Chennai Super Kings,bat,normal,0,Delhi Capitals,0,6,Z Khan,Shaheed Veer Narayan Singh International Stadium,RK Illingworth,VA Kulkarni,,Chennai Super Kings,Delhi Capitals,0,1,0
566,2015,Mohali,,Punjab Kings,Royal Challengers Bangalore,Royal Challengers Bangalore,field,normal,0,Punjab Kings,22,0,AR Patel,"Punjab Cricket Association Stadium, Mohali",JD Cloete,C Shamshuddin,,Royal Challengers Bangalore,Punjab Kings,0,1,0
567,2015,Mumbai,,Mumbai Indians,Kolkata Knight Riders,Kolkata Knight Riders,field,normal,0,Mumbai Indians,5,0,HH Pandya,Wankhede Stadium,RK Illingworth,VA Kulkarni,,Kolkata Knight Riders,Mumbai Indians,0,1,0
568,2015,Hyderabad,,Sunrisers Hyderabad,Royal Challengers Bangalore,Sunrisers Hyderabad,bat,normal,1,Royal Challengers Bangalore,0,6,V Kohli,"Rajiv Gandhi International Stadium, Uppal",AK Chaudhary,HDPK Dharmasena,,Sunrisers Hyderabad,Royal Challengers Bangalore,0,1,0
569,2015,Mohali,,Punjab Kings,Chennai Super Kings,Punjab Kings,bat,normal,0,Chennai Super Kings,0,7,P Negi,"Punjab Cricket Association Stadium, Mohali",CK Nandan,C Shamshuddin,,Punjab Kings,Chennai Super Kings,0,1,0
570,2015,Mumbai,,Rajasthan Royals,Kolkata Knight Riders,Rajasthan Royals,bat,normal,0,Rajasthan Royals,9,0,SR Watson,Brabourne Stadium,RM Deshpande,RK Illingworth,,Rajasthan Royals,Kolkata Knight Riders,1,0,1
571,2015,Bangalore,,Delhi Capitals,Royal Challengers Bangalore,Royal Challengers Bangalore,field,no result,0,No Result,0,0,Not Awarded,M Chinnaswamy Stadium,HDPK Dharmasena,K Srinivasan,,Royal Challengers Bangalore,Delhi Capitals,0,0,0
572,2015,Hyderabad,,Sunrisers Hyderabad,Mumbai Indians,Sunrisers Hyderabad,bat,normal,0,Mumbai Indians,0,9,MJ McClenaghan,"Rajiv Gandhi International Stadium, Uppal",CB Gaffaney,K Srinath,,Sunrisers Hyderabad,Mumbai Indians,0,1,0
573,2015,Mumbai,,Mumbai Indians,Chennai Super Kings,Mumbai Indians,bat,normal,0,Mumbai Indians,25,0,KA Pollard,Wankhede Stadium,HDPK Dharmasena,RK Illingworth,,Mumbai Indians,Chennai Super Kings,1,0,1
574,2015,Pune,,Royal Challengers Bangalore,Rajasthan Royals,Royal Challengers Bangalore,bat,normal,0,Royal Challengers Bangalore,71,0,AB de Villiers,Maharashtra Cricket Association Stadium,AK Chaudhary,C Shamshuddin,,Royal Challengers Bangalore,Rajasthan Royals,1,0,1
575,2015,Ranchi,,Royal Challengers Bangalore,Chennai Super Kings,Chennai Super Kings,field,normal,0,Chennai Super Kings,0,3,A Nehra,JSCA International Stadium Complex,AK Chaudhary,CB Gaffaney,,Chennai Super Kings,Royal Challengers Bangalore,1,0,1
576,2015,Kolkata,,Mumbai Indians,Chennai Super Kings,Chennai Super Kings,field,normal,0,Mumbai Indians,41,0,RG Sharma,Eden Gardens,HDPK Dharmasena,RK Illingworth,,Chennai Super Kings,Mumbai Indians,0,1,0
577,2016,Mumbai,2016-09-04,Mumbai Indians,Rising Pune Supergiant,Mumbai Indians,bat,normal,0,Rising Pune Supergiant,0,9,AM Rahane,Wankhede Stadium,HDPK Dharmasena,CK Nandan,,Mumbai Indians,Rising Pune Supergiant,0,1,0
578,2016,Kolkata,2016-10-04,Delhi Capitals,Kolkata Knight Riders,Kolkata Knight Riders,field,normal,0,Kolkata Knight Riders,0,9,AD Russell,Eden Gardens,S Ravi,C Shamshuddin,,Kolkata Knight Riders,Delhi Capitals,1,0,1
579,2016,Mohali,2016-11-04,Punjab Kings,Gujarat Lions,Gujarat Lions,field,normal,0,Gujarat Lions,0,5,AJ Finch,"Punjab Cricket Association IS Bindra Stadium, Mohali",AK Chaudhary,VA Kulkarni,,Gujarat Lions,Punjab Kings,1,0,1
580,2016,Bangalore,2016-12-04,Royal Challengers Bangalore,Sunrisers Hyderabad,Sunrisers Hyderabad,field,normal,0,Royal Challengers Bangalore,45,0,AB de Villiers,M Chinnaswamy Stadium,HDPK Dharmasena,VK Sharma,,Sunrisers Hyderabad,Royal Challengers Bangalore,0,1,0
581,2016,Kolkata,,Kolkata Knight Riders,Mumbai Indians,Mumbai Indians,field,normal,0,Mumbai Indians,0,6,RG Sharma,Eden Gardens,Nitin Menon,S Ravi,,Mumbai Indians,Kolkata Knight Riders,1,0,1
582,2016,Rajkot,,Rising Pune Supergiant,Gujarat Lions,Rising Pune Supergiant,bat,normal,0,Gujarat Lions,0,7,AJ Finch,Saurashtra Cricket Association Stadium,VA Kulkarni,CK Nandan,,Rising Pune Supergiant,Gujarat Lions,0,1,0
583,2016,Delhi,,Punjab Kings,Delhi Capitals,Delhi Capitals,field,normal,0,Delhi Capitals,0,8,A Mishra,Feroz Shah Kotla,S Ravi,C Shamshuddin,,Delhi Capitals,Punjab Kings,1,0,1
584,2016,Hyderabad,,Sunrisers Hyderabad,Kolkata Knight Riders,Sunrisers Hyderabad,bat,normal,0,Kolkata Knight Riders,0,8,G Gambhir,"Rajiv Gandhi International Stadium, Uppal",AK Chaudhary,CK Nandan,,Sunrisers Hyderabad,Kolkata Knight Riders,0,1,0
585,2016,Mumbai,,Mumbai Indians,Gujarat Lions,Gujarat Lions,field,normal,0,Gujarat Lions,0,3,AJ Finch,Wankhede Stadium,HDPK Dharmasena,VK Sharma,,Gujarat Lions,Mumbai Indians,1,0,1
586,2016,Mohali,,Rising Pune Supergiant,Punjab Kings,Rising Pune Supergiant,bat,normal,0,Punjab Kings,0,6,M Vohra,"Punjab Cricket Association IS Bindra Stadium, Mohali",S Ravi,C Shamshuddin,,Rising Pune Supergiant,Punjab Kings,0,1,0
587,2016,Bangalore,,Royal Challengers Bangalore,Delhi Capitals,Delhi Capitals,field,normal,0,Delhi Capitals,0,7,Q de Kock,M Chinnaswamy Stadium,VA Kulkarni,A Nand Kishore,,Delhi Capitals,Royal Challengers Bangalore,1,0,1
588,2016,Hyderabad,,Mumbai Indians,Sunrisers Hyderabad,Sunrisers Hyderabad,field,normal,0,Sunrisers Hyderabad,0,7,DA Warner,"Rajiv Gandhi International Stadium, Uppal",HDPK Dharmasena,VK Sharma,,Sunrisers Hyderabad,Mumbai Indians,1,0,1
589,2016,Mohali,,Punjab Kings,Kolkata Knight Riders,Kolkata Knight Riders,field,normal,0,Kolkata Knight Riders,0,6,RV Uthappa,"Punjab Cricket Association IS Bindra Stadium, Mohali",S Ravi,C Shamshuddin,,Kolkata Knight Riders,Punjab Kings,1,0,1
590,2016,Mumbai,,Royal Challengers Bangalore,Mumbai Indians,Mumbai Indians,field,normal,0,Mumbai Indians,0,6,RG Sharma,Wankhede Stadium,AK Chaudhary,CK Nandan,,Mumbai Indians,Royal Challengers Bangalore,1,0,1
591,2016,Rajkot,,Gujarat Lions,Sunrisers Hyderabad,Sunrisers Hyderabad,field,normal,0,Sunrisers Hyderabad,0,10,B Kumar,Saurashtra Cricket Association Stadium,K Bharatan,HDPK Dharmasena,,Sunrisers Hyderabad,Gujarat Lions,1,0,1
592,2016,Pune,,Royal Challengers Bangalore,Rising Pune Supergiant,Rising Pune Supergiant,field,normal,0,Royal Challengers Bangalore,13,0,AB de Villiers,Maharashtra Cricket Association Stadium,CB Gaffaney,VK Sharma,,Rising Pune Supergiant,Royal Challengers Bangalore,0,1,0
593,2016,Delhi,,Delhi Capitals,Mumbai Indians,Mumbai Indians,field,normal,0,Delhi Capitals,10,0,SV Samson,Feroz Shah Kotla,S Ravi,C Shamshuddin,,Mumbai Indians,Delhi Capitals,0,1,0
594,2016,Hyderabad,,Punjab Kings,Sunrisers Hyderabad,Sunrisers Hyderabad,field,normal,0,Sunrisers Hyderabad,0,5,Mustafizur Rahman,"Rajiv Gandhi International Stadium, Uppal",AK Chaudhary,CK Nandan,,Sunrisers Hyderabad,Punjab Kings,1,0,1
595,2016,Rajkot,,Royal Challengers Bangalore,Gujarat Lions,Royal Challengers Bangalore,bat,normal,0,Gujarat Lions,0,6,V Kohli,Saurashtra Cricket Association Stadium,K Bharatan,BNJ Oxenford,,Royal Challengers Bangalore,Gujarat Lions,0,1,0
596,2016,Pune,,Rising Pune Supergiant,Kolkata Knight Riders,Kolkata Knight Riders,field,normal,0,Kolkata Knight Riders,0,2,SA Yadav,Maharashtra Cricket Association Stadium,CB Gaffaney,A Nand Kishore,,Kolkata Knight Riders,Rising Pune Supergiant,1,0,1
597,2016,Mohali,,Mumbai Indians,Punjab Kings,Punjab Kings,field,normal,0,Mumbai Indians,25,0,PA Patel,"Punjab Cricket Association IS Bindra Stadium, Mohali",Nitin Menon,RJ Tucker,,Punjab Kings,Mumbai Indians,0,1,0
598,2016,Hyderabad,,Sunrisers Hyderabad,Rising Pune Supergiant,Rising Pune Supergiant,field,normal,1,Rising Pune Supergiant,34,0,AB Dinda,"Rajiv Gandhi International Stadium, Uppal",AY Dandekar,CK Nandan,,Rising Pune Supergiant,Sunrisers Hyderabad,1,0,1
599,2016,Delhi,,Gujarat Lions,Delhi Capitals,Delhi Capitals,field,normal,0,Gujarat Lions,1,0,CH Morris,Feroz Shah Kotla,M Erasmus,S Ravi,,Delhi Capitals,Gujarat Lions,0,1,0
600,2016,Mumbai,,Kolkata Knight Riders,Mumbai Indians,Mumbai Indians,field,normal,0,Mumbai Indians,0,6,RG Sharma,Wankhede Stadium,Nitin Menon,RJ Tucker,,Mumbai Indians,Kolkata Knight Riders,1,0,1
601,2016,Pune,,Rising Pune Supergiant,Gujarat Lions,Gujarat Lions,field,normal,0,Gujarat Lions,0,3,DR Smith,Maharashtra Cricket Association Stadium,CB Gaffaney,BNJ Oxenford,,Gujarat Lions,Rising Pune Supergiant,1,0,1
602,2016,Delhi,,Delhi Capitals,Kolkata Knight Riders,Kolkata Knight Riders,field,normal,0,Delhi Capitals,27,0,CR Brathwaite,Feroz Shah Kotla,KN Ananthapadmanabhan,M Erasmus,,Kolkata Knight Riders,Delhi Capitals,0,1,0
603,2016,Hyderabad,,Sunrisers Hyderabad,Royal Challengers Bangalore,Royal Challengers Bangalore,field,normal,0,Sunrisers Hyderabad,15,0,DA Warner,"Rajiv Gandhi International Stadium, Uppal",AK Chaudhary,HDPK Dharmasena,,Royal Challengers Bangalore,Sunrisers Hyderabad,0,1,0
604,2016,Rajkot,2016-01-05,Punjab Kings,Gujarat Lions,Gujarat Lions,field,normal,0,Punjab Kings,23,0,AR Patel,Saurashtra Cricket Association Stadium,BNJ Oxenford,VK Sharma,,Gujarat Lions,Punjab Kings,0,1,0
605,2016,Pune,2016-01-05,Rising Pune Supergiant,Mumbai Indians,Mumbai Indians,field,normal,0,Mumbai Indians,0,8,RG Sharma,Maharashtra Cricket Association Stadium,AY Dandekar,RJ Tucker,,Mumbai Indians,Rising Pune Supergiant,1,0,1
606,2016,Bangalore,2016-02-05,Royal Challengers Bangalore,Kolkata Knight Riders,Kolkata Knight Riders,field,normal,0,Kolkata Knight Riders,0,5,AD Russell,M Chinnaswamy Stadium,M Erasmus,S Ravi,,Kolkata Knight Riders,Royal Challengers Bangalore,1,0,1
607,2016,Rajkot,2016-03-05,Gujarat Lions,Delhi Capitals,Delhi Capitals,field,normal,0,Delhi Capitals,0,8,RR Pant,Saurashtra Cricket Association Stadium,CB Gaffaney,BNJ Oxenford,,Delhi Capitals,Gujarat Lions,1,0,1
608,2016,Kolkata,2016-04-05,Kolkata Knight Riders,Punjab Kings,Punjab Kings,field,normal,0,Kolkata Knight Riders,7,0,AD Russell,Eden Gardens,AK Chaudhary,HDPK Dharmasena,,Punjab Kings,Kolkata Knight Riders,0,1,0
609,2016,Delhi,2016-05-05,Delhi Capitals,Rising Pune Supergiant,Rising Pune Supergiant,field,normal,0,Rising Pune Supergiant,0,7,AM Rahane,Feroz Shah Kotla,C Shamshuddin,RJ Tucker,,Rising Pune Supergiant,Delhi Capitals,1,0,1
610,2016,Hyderabad,2016-06-05,Gujarat Lions,Sunrisers Hyderabad,Sunrisers Hyderabad,field,normal,0,Sunrisers Hyderabad,0,5,B Kumar,"Rajiv Gandhi International Stadium, Uppal",M Erasmus,S Ravi,,Sunrisers Hyderabad,Gujarat Lions,1,0,1
611,2016,Bangalore,2016-07-05,Rising Pune Supergiant,Royal Challengers Bangalore,Royal Challengers Bangalore,field,normal,0,Royal Challengers Bangalore,0,7,V Kohli,M Chinnaswamy Stadium,CB Gaffaney,BNJ Oxenford,,Royal Challengers Bangalore,Rising Pune Supergiant,1,0,1
612,2016,Mohali,2016-07-05,Punjab Kings,Delhi Capitals,Delhi Capitals,field,normal,0,Punjab Kings,9,0,MP Stoinis,"Punjab Cricket Association IS Bindra Stadium, Mohali",HDPK Dharmasena,CK Nandan,,Delhi Capitals,Punjab Kings,0,1,0
613,2016,Visakhapatnam,2016-08-05,Sunrisers Hyderabad,Mumbai Indians,Mumbai Indians,field,normal,0,Sunrisers Hyderabad,85,0,A Nehra,Dr. Y.S. Rajasekhara Reddy ACA-VDCA Cricket Stadium,S Ravi,C Shamshuddin,,Mumbai Indians,Sunrisers Hyderabad,0,1,0
614,2016,Kolkata,2016-08-05,Kolkata Knight Riders,Gujarat Lions,Gujarat Lions,field,normal,0,Gujarat Lions,0,5,P Kumar,Eden Gardens,M Erasmus,RJ Tucker,,Gujarat Lions,Kolkata Knight Riders,1,0,1
615,2016,Mohali,2016-09-05,Royal Challengers Bangalore,Punjab Kings,Punjab Kings,field,normal,0,Royal Challengers Bangalore,1,0,SR Watson,"Punjab Cricket Association IS Bindra Stadium, Mohali",AK Chaudhary,HDPK Dharmasena,,Punjab Kings,Royal Challengers Bangalore,0,1,0
616,2016,Visakhapatnam,2016-10-05,Sunrisers Hyderabad,Rising Pune Supergiant,Sunrisers Hyderabad,bat,normal,0,Sunrisers Hyderabad,4,0,A Zampa,Dr. Y.S. Rajasekhara Reddy ACA-VDCA Cricket Stadium,CB Gaffaney,VK Sharma,,Sunrisers Hyderabad,Rising Pune Supergiant,1,0,1
617,2016,Bangalore,2016-11-05,Royal Challengers Bangalore,Mumbai Indians,Mumbai Indians,field,normal,0,Mumbai Indians,0,6,KH Pandya,M Chinnaswamy Stadium,AY Dandekar,C Shamshuddin,,Mumbai Indians,Royal Challengers Bangalore,1,0,1
618,2016,Hyderabad,2016-12-05,Sunrisers Hyderabad,Delhi Capitals,Delhi Capitals,field,normal,0,Delhi Capitals,0,7,CH Morris,"Rajiv Gandhi International Stadium, Uppal",K Bharatan,M Erasmus,,Delhi Capitals,Sunrisers Hyderabad,1,0,1
619,2016,Visakhapatnam,,Mumbai Indians,Punjab Kings,Mumbai Indians,bat,normal,0,Punjab Kings,0,7,MP Stoinis,Dr. Y.S. Rajasekhara Reddy ACA-VDCA Cricket Stadium,HDPK Dharmasena,CK Nandan,,Mumbai Indians,Punjab Kings,0,1,0
620,2016,Bangalore,,Royal Challengers Bangalore,Gujarat Lions,Gujarat Lions,field,normal,0,Royal Challengers Bangalore,144,0,AB de Villiers,M Chinnaswamy Stadium,AY Dandekar,VK Sharma,,Gujarat Lions,Royal Challengers Bangalore,0,1,0
621,2016,Kolkata,,Rising Pune Supergiant,Kolkata Knight Riders,Rising Pune Supergiant,bat,normal,1,Kolkata Knight Riders,0,8,YK Pathan,Eden Gardens,A Nand Kishore,BNJ Oxenford,,Rising Pune Supergiant,Kolkata Knight Riders,0,1,0
622,2016,Mohali,,Punjab Kings,Sunrisers Hyderabad,Punjab Kings,bat,normal,0,Sunrisers Hyderabad,0,7,HM Amla,"Punjab Cricket Association IS Bindra Stadium, Mohali",KN Ananthapadmanabhan,M Erasmus,,Punjab Kings,Sunrisers Hyderabad,0,1,0
623,2016,Visakhapatnam,,Mumbai Indians,Delhi Capitals,Delhi Capitals,field,normal,0,Mumbai Indians,80,0,KH Pandya,Dr. Y.S. Rajasekhara Reddy ACA-VDCA Cricket Stadium,Nitin Menon,CK Nandan,,Delhi Capitals,Mumbai Indians,0,1,0
624,2016,Kolkata,,Kolkata Knight Riders,Royal Challengers Bangalore,Royal Challengers Bangalore,field,normal,0,Royal Challengers Bangalore,0,9,V Kohli,Eden Gardens,CB Gaffaney,A Nand Kishore,,Royal Challengers Bangalore,Kolkata Knight Riders,1,0,1
625,2016,Visakhapatnam,,Delhi Capitals,Rising Pune Supergiant,Rising Pune Supergiant,field,normal,1,Rising Pune Supergiant,19,0,AB Dinda,Dr. Y.S. Rajasekhara Reddy ACA-VDCA Cricket Stadium,Nitin Menon,C Shamshuddin,,Rising Pune Supergiant,Delhi Capitals,1,0,1
626,2016,Bangalore,,Royal Challengers Bangalore,Punjab Kings,Punjab Kings,field,normal,1,Royal Challengers Bangalore,82,0,V Kohli,M Chinnaswamy Stadium,KN Ananthapadmanabhan,M Erasmus,,Punjab Kings,Royal Challengers Bangalore,0,1,0
627,2016,Kanpur,,Kolkata Knight Riders,Gujarat Lions,Gujarat Lions,field,normal,0,Gujarat Lions,0,6,DR Smith,Green Park,AK Chaudhary,CK Nandan,,Gujarat Lions,Kolkata Knight Riders,1,0,1
628,2016,Raipur,,Sunrisers Hyderabad,Delhi Capitals,Delhi Capitals,field,normal,0,Delhi Capitals,0,6,KK Nair,Shaheed Veer Narayan Singh International Stadium,A Nand Kishore,BNJ Oxenford,,Delhi Capitals,Sunrisers Hyderabad,1,0,1
629,2016,Visakhapatnam,,Punjab Kings,Rising Pune Supergiant,Punjab Kings,bat,normal,0,Rising Pune Supergiant,0,4,MS Dhoni,Dr. Y.S. Rajasekhara Reddy ACA-VDCA Cricket Stadium,HDPK Dharmasena,Nitin Menon,,Punjab Kings,Rising Pune Supergiant,0,1,0
630,2016,Kanpur,,Mumbai Indians,Gujarat Lions,Gujarat Lions,field,normal,0,Gujarat Lions,0,6,SK Raina,Green Park,AK Chaudhary,CK Nandan,,Gujarat Lions,Mumbai Indians,1,0,1
631,2016,Kolkata,,Kolkata Knight Riders,Sunrisers Hyderabad,Sunrisers Hyderabad,field,normal,0,Kolkata Knight Riders,22,0,YK Pathan,Eden Gardens,KN Ananthapadmanabhan,M Erasmus,,Sunrisers Hyderabad,Kolkata Knight Riders,0,1,0
632,2016,Raipur,,Delhi Capitals,Royal Challengers Bangalore,Royal Challengers Bangalore,field,normal,0,Royal Challengers Bangalore,0,6,V Kohli,Shaheed Veer Narayan Singh International Stadium,A Nand Kishore,BNJ Oxenford,,Royal Challengers Bangalore,Delhi Capitals,1,0,1
633,2016,Bangalore,,Gujarat Lions,Royal Challengers Bangalore,Royal Challengers Bangalore,field,normal,0,Royal Challengers Bangalore,0,4,AB de Villiers,M Chinnaswamy Stadium,AK Chaudhary,HDPK Dharmasena,,Royal Challengers Bangalore,Gujarat Lions,1,0,1
634,2016,Delhi,,Sunrisers Hyderabad,Kolkata Knight Riders,Kolkata Knight Riders,field,normal,0,Sunrisers Hyderabad,22,0,MC Henriques,Feroz Shah Kotla,M Erasmus,C Shamshuddin,,Kolkata Knight Riders,Sunrisers Hyderabad,0,1,0
635,2016,Delhi,,Gujarat Lions,Sunrisers Hyderabad,Sunrisers Hyderabad,field,normal,0,Sunrisers Hyderabad,0,4,DA Warner,Feroz Shah Kotla,M Erasmus,CK Nandan,,Sunrisers Hyderabad,Gujarat Lions,1,0,1
636,2016,Bangalore,,Sunrisers Hyderabad,Royal Challengers Bangalore,Sunrisers Hyderabad,bat,normal,0,Sunrisers Hyderabad,8,0,BCJ Cutting,M Chinnaswamy Stadium,HDPK Dharmasena,BNJ Oxenford,,Sunrisers Hyderabad,Royal Challengers Bangalore,1,0,1
